solv_comb_sm,salt_smiles,fr_func_grp_1_solv,fr_func_grp_2_solv,fr_func_grp_3_solv,fr_func_grp_4_solv,fr_func_grp_5_solv,fr_func_grp_6_solv,fr_func_grp_7_solv,fr_func_grp_8_solv,fr_func_grp_9_solv,fr_func_grp_10_solv,fr_func_grp_11_solv,fr_func_grp_12_solv,fr_func_grp_13_solv,fr_func_grp_14_solv,fr_func_grp_15_solv,fr_func_grp_16_solv,fr_func_grp_17_solv,fr_func_grp_18_solv,fr_func_grp_19_solv,fr_func_grp_20_solv,fr_func_grp_21_solv,fr_func_grp_22_solv,fr_func_grp_23_solv,fr_func_grp_24_solv,fr_func_grp_25_solv,fr_func_grp_26_solv,fr_func_grp_27_solv,fr_func_grp_28_solv,fr_func_grp_29_solv,fr_func_grp_30_solv,fr_func_grp_31_solv,fr_func_grp_32_solv,fr_func_grp_33_solv,fr_func_grp_34_solv,fr_func_grp_35_solv,fr_func_grp_36_solv,fr_func_grp_37_solv,fr_func_grp_38_solv,fr_func_grp_39_solv,fr_func_grp_40_solv,fr_func_grp_41_solv,fr_func_grp_42_solv,num_heavy_atom_solv,num_rot_bond_solv_1,num_rot_bond_solv_2,num_rot_bond_solv_3,num_rot_bond_solv_4,solv_ratio_1,solv_ratio_2,solv_ratio_3,solv_ratio_4,mol_wt_solv_1,mol_wt_solv_2,mol_wt_solv_3,mol_wt_solv_4,fr_func_grp_1_salt,fr_func_grp_2_salt,fr_func_grp_3_salt,fr_func_grp_4_salt,fr_func_grp_5_salt,fr_func_grp_6_salt,fr_func_grp_7_salt,fr_func_grp_8_salt,fr_func_grp_9_salt,fr_func_grp_10_salt,fr_func_grp_11_salt,fr_func_grp_12_salt,fr_func_grp_13_salt,fr_func_grp_14_salt,fr_func_grp_15_salt,fr_func_grp_16_salt,fr_func_grp_17_salt,fr_func_grp_18_salt,fr_func_grp_19_salt,fr_func_grp_20_salt,fr_func_grp_21_salt,fr_func_grp_22_salt,fr_func_grp_23_salt,fr_func_grp_24_salt,fr_func_grp_25_salt,fr_func_grp_26_salt,fr_func_grp_27_salt,fr_func_grp_28_salt,fr_func_grp_29_salt,fr_func_grp_30_salt,fr_func_grp_31_salt,fr_func_grp_32_salt,fr_func_grp_33_salt,fr_func_grp_34_salt,fr_func_grp_35_salt,fr_func_grp_36_salt,fr_func_grp_37_salt,fr_func_grp_38_salt,fr_func_grp_39_salt,fr_func_grp_40_salt,fr_func_grp_41_salt,fr_func_grp_42_salt,fr_func_grp_43_salt,num_heavy_atom_salt,num_rot_bond_salt,mw_salt,conc_salt,temperature,conductivity_log
C(COCCOCCOCC(F)(F)F)(F)(F)F,[Li+].[N-](S(=O)(=O)F)S(=O)(=O)F,0,0,0,0,0,0,0,0,0,3,0,0,0,0,0,0,0,0,0,0,0,0,0,0,0,0,0,0,0,0,0,6,0,6,0,0,0,0,0,0,0,0,17,8,0.0,0.0,0.0,1,0,0,0,270.069063564,0.0,0.0,0.0,0,1,0,0,0,0,0,0,0,0,0,0,0,0,0,0,0,0,0,0,0,0,0,0,0,0,0,0,0,0,0,0,0,0,0,0,0,0,0,0,0,0,0,10,2,186.93968547000003,1.0,80,0.33339
C(COCCOCCOCC(F)(F)F)(F)(F)F,[Li+].[N-](S(=O)(=O)F)S(=O)(=O)F,0,0,0,0,0,0,0,0,0,3,0,0,0,0,0,0,0,0,0,0,0,0,0,0,0,0,0,0,0,0,0,6,0,6,0,0,0,0,0,0,0,0,17,8,0.0,0.0,0.0,1,0,0,0,270.069063564,0.0,0.0,0.0,0,1,0,0,0,0,0,0,0,0,0,0,0,0,0,0,0,0,0,0,0,0,0,0,0,0,0,0,0,0,0,0,0,0,0,0,0,0,0,0,0,0,0,10,2,186.93968547000003,1.0,70,0.29729
C(COCCOCCOCC(F)(F)F)(F)(F)F,[Li+].[N-](S(=O)(=O)F)S(=O)(=O)F,0,0,0,0,0,0,0,0,0,3,0,0,0,0,0,0,0,0,0,0,0,0,0,0,0,0,0,0,0,0,0,6,0,6,0,0,0,0,0,0,0,0,17,8,0.0,0.0,0.0,1,0,0,0,270.069063564,0.0,0.0,0.0,0,1,0,0,0,0,0,0,0,0,0,0,0,0,0,0,0,0,0,0,0,0,0,0,0,0,0,0,0,0,0,0,0,0,0,0,0,0,0,0,0,0,0,10,2,186.93968547000003,1.0,60,0.25401
C(COCCOCCOCC(F)(F)F)(F)(F)F,[Li+].[N-](S(=O)(=O)F)S(=O)(=O)F,0,0,0,0,0,0,0,0,0,3,0,0,0,0,0,0,0,0,0,0,0,0,0,0,0,0,0,0,0,0,0,6,0,6,0,0,0,0,0,0,0,0,17,8,0.0,0.0,0.0,1,0,0,0,270.069063564,0.0,0.0,0.0,0,1,0,0,0,0,0,0,0,0,0,0,0,0,0,0,0,0,0,0,0,0,0,0,0,0,0,0,0,0,0,0,0,0,0,0,0,0,0,0,0,0,0,10,2,186.93968547000003,1.0,50,0.20222
C(COCCOCCOCC(F)(F)F)(F)(F)F,[Li+].[N-](S(=O)(=O)F)S(=O)(=O)F,0,0,0,0,0,0,0,0,0,3,0,0,0,0,0,0,0,0,0,0,0,0,0,0,0,0,0,0,0,0,0,6,0,6,0,0,0,0,0,0,0,0,17,8,0.0,0.0,0.0,1,0,0,0,270.069063564,0.0,0.0,0.0,0,1,0,0,0,0,0,0,0,0,0,0,0,0,0,0,0,0,0,0,0,0,0,0,0,0,0,0,0,0,0,0,0,0,0,0,0,0,0,0,0,0,0,10,2,186.93968547000003,1.0,40,0.13799
C(COCCOCCOCC(F)(F)F)(F)(F)F,[Li+].[N-](S(=O)(=O)F)S(=O)(=O)F,0,0,0,0,0,0,0,0,0,3,0,0,0,0,0,0,0,0,0,0,0,0,0,0,0,0,0,0,0,0,0,6,0,6,0,0,0,0,0,0,0,0,17,8,0.0,0.0,0.0,1,0,0,0,270.069063564,0.0,0.0,0.0,0,1,0,0,0,0,0,0,0,0,0,0,0,0,0,0,0,0,0,0,0,0,0,0,0,0,0,0,0,0,0,0,0,0,0,0,0,0,0,0,0,0,0,10,2,186.93968547000003,1.0,30,0.06073
C(COCCOCCOCC(F)(F)F)(F)(F)F,[Li+].[N-](S(=O)(=O)F)S(=O)(=O)F,0,0,0,0,0,0,0,0,0,3,0,0,0,0,0,0,0,0,0,0,0,0,0,0,0,0,0,0,0,0,0,6,0,6,0,0,0,0,0,0,0,0,17,8,0.0,0.0,0.0,1,0,0,0,270.069063564,0.0,0.0,0.0,0,1,0,0,0,0,0,0,0,0,0,0,0,0,0,0,0,0,0,0,0,0,0,0,0,0,0,0,0,0,0,0,0,0,0,0,0,0,0,0,0,0,0,10,2,186.93968547000003,1.0,20,-0.02214
C(COCCOCCOCC(F)(F)F)OCC(F)(F)F,[Li+].[N-](S(=O)(=O)F)S(=O)(=O)F,0,0,0,0,0,0,0,0,0,4,0,0,0,0,0,0,0,0,0,0,0,0,0,0,0,0,0,0,0,0,0,6,0,6,0,0,0,0,0,0,0,0,20,11,0.0,0.0,0.0,1,0,0,0,314.095278312,0.0,0.0,0.0,0,1,0,0,0,0,0,0,0,0,0,0,0,0,0,0,0,0,0,0,0,0,0,0,0,0,0,0,0,0,0,0,0,0,0,0,0,0,0,0,0,0,0,10,2,186.93968547000003,1.0,80,0.41799
C(COCCOCCOCC(F)(F)F)OCC(F)(F)F,[Li+].[N-](S(=O)(=O)F)S(=O)(=O)F,0,0,0,0,0,0,0,0,0,4,0,0,0,0,0,0,0,0,0,0,0,0,0,0,0,0,0,0,0,0,0,6,0,6,0,0,0,0,0,0,0,0,20,11,0.0,0.0,0.0,1,0,0,0,314.095278312,0.0,0.0,0.0,0,1,0,0,0,0,0,0,0,0,0,0,0,0,0,0,0,0,0,0,0,0,0,0,0,0,0,0,0,0,0,0,0,0,0,0,0,0,0,0,0,0,0,10,2,186.93968547000003,1.0,70,0.37805
C(COCCOCCOCC(F)(F)F)OCC(F)(F)F,[Li+].[N-](S(=O)(=O)F)S(=O)(=O)F,0,0,0,0,0,0,0,0,0,4,0,0,0,0,0,0,0,0,0,0,0,0,0,0,0,0,0,0,0,0,0,6,0,6,0,0,0,0,0,0,0,0,20,11,0.0,0.0,0.0,1,0,0,0,314.095278312,0.0,0.0,0.0,0,1,0,0,0,0,0,0,0,0,0,0,0,0,0,0,0,0,0,0,0,0,0,0,0,0,0,0,0,0,0,0,0,0,0,0,0,0,0,0,0,0,0,10,2,186.93968547000003,1.0,60,0.32784
C(COCCOCCOCC(F)(F)F)OCC(F)(F)F,[Li+].[N-](S(=O)(=O)F)S(=O)(=O)F,0,0,0,0,0,0,0,0,0,4,0,0,0,0,0,0,0,0,0,0,0,0,0,0,0,0,0,0,0,0,0,6,0,6,0,0,0,0,0,0,0,0,20,11,0.0,0.0,0.0,1,0,0,0,314.095278312,0.0,0.0,0.0,0,1,0,0,0,0,0,0,0,0,0,0,0,0,0,0,0,0,0,0,0,0,0,0,0,0,0,0,0,0,0,0,0,0,0,0,0,0,0,0,0,0,0,10,2,186.93968547000003,1.0,50,0.26965
C(COCCOCCOCC(F)(F)F)OCC(F)(F)F,[Li+].[N-](S(=O)(=O)F)S(=O)(=O)F,0,0,0,0,0,0,0,0,0,4,0,0,0,0,0,0,0,0,0,0,0,0,0,0,0,0,0,0,0,0,0,6,0,6,0,0,0,0,0,0,0,0,20,11,0.0,0.0,0.0,1,0,0,0,314.095278312,0.0,0.0,0.0,0,1,0,0,0,0,0,0,0,0,0,0,0,0,0,0,0,0,0,0,0,0,0,0,0,0,0,0,0,0,0,0,0,0,0,0,0,0,0,0,0,0,0,10,2,186.93968547000003,1.0,40,0.19604
C(COCCOCCOCC(F)(F)F)OCC(F)(F)F,[Li+].[N-](S(=O)(=O)F)S(=O)(=O)F,0,0,0,0,0,0,0,0,0,4,0,0,0,0,0,0,0,0,0,0,0,0,0,0,0,0,0,0,0,0,0,6,0,6,0,0,0,0,0,0,0,0,20,11,0.0,0.0,0.0,1,0,0,0,314.095278312,0.0,0.0,0.0,0,1,0,0,0,0,0,0,0,0,0,0,0,0,0,0,0,0,0,0,0,0,0,0,0,0,0,0,0,0,0,0,0,0,0,0,0,0,0,0,0,0,0,10,2,186.93968547000003,1.0,30,0.10389
C(COCCOCCOCC(F)(F)F)OCC(F)(F)F,[Li+].[N-](S(=O)(=O)F)S(=O)(=O)F,0,0,0,0,0,0,0,0,0,4,0,0,0,0,0,0,0,0,0,0,0,0,0,0,0,0,0,0,0,0,0,6,0,6,0,0,0,0,0,0,0,0,20,11,0.0,0.0,0.0,1,0,0,0,314.095278312,0.0,0.0,0.0,0,1,0,0,0,0,0,0,0,0,0,0,0,0,0,0,0,0,0,0,0,0,0,0,0,0,0,0,0,0,0,0,0,0,0,0,0,0,0,0,0,0,0,10,2,186.93968547000003,1.0,20,-0.0105
C(COCCOCCOCCOCC(F)(F)F)OCC(F)(F)F,[Li+].[N-](S(=O)(=O)F)S(=O)(=O)F,0,0,0,0,0,0,0,0,0,5,0,0,0,0,0,0,0,0,0,0,0,0,0,0,0,0,0,0,0,0,0,6,0,6,0,0,0,0,0,0,0,0,23,14,0.0,0.0,0.0,1,0,0,0,358.12149306,0.0,0.0,0.0,0,1,0,0,0,0,0,0,0,0,0,0,0,0,0,0,0,0,0,0,0,0,0,0,0,0,0,0,0,0,0,0,0,0,0,0,0,0,0,0,0,0,0,10,2,186.93968547000003,1.0,80,0.44653
C(COCCOCCOCCOCC(F)(F)F)OCC(F)(F)F,[Li+].[N-](S(=O)(=O)F)S(=O)(=O)F,0,0,0,0,0,0,0,0,0,5,0,0,0,0,0,0,0,0,0,0,0,0,0,0,0,0,0,0,0,0,0,6,0,6,0,0,0,0,0,0,0,0,23,14,0.0,0.0,0.0,1,0,0,0,358.12149306,0.0,0.0,0.0,0,1,0,0,0,0,0,0,0,0,0,0,0,0,0,0,0,0,0,0,0,0,0,0,0,0,0,0,0,0,0,0,0,0,0,0,0,0,0,0,0,0,0,10,2,186.93968547000003,1.0,70,0.39938
C(COCCOCCOCCOCC(F)(F)F)OCC(F)(F)F,[Li+].[N-](S(=O)(=O)F)S(=O)(=O)F,0,0,0,0,0,0,0,0,0,5,0,0,0,0,0,0,0,0,0,0,0,0,0,0,0,0,0,0,0,0,0,6,0,6,0,0,0,0,0,0,0,0,23,14,0.0,0.0,0.0,1,0,0,0,358.12149306,0.0,0.0,0.0,0,1,0,0,0,0,0,0,0,0,0,0,0,0,0,0,0,0,0,0,0,0,0,0,0,0,0,0,0,0,0,0,0,0,0,0,0,0,0,0,0,0,0,10,2,186.93968547000003,1.0,60,0.34096
C(COCCOCCOCCOCC(F)(F)F)OCC(F)(F)F,[Li+].[N-](S(=O)(=O)F)S(=O)(=O)F,0,0,0,0,0,0,0,0,0,5,0,0,0,0,0,0,0,0,0,0,0,0,0,0,0,0,0,0,0,0,0,6,0,6,0,0,0,0,0,0,0,0,23,14,0.0,0.0,0.0,1,0,0,0,358.12149306,0.0,0.0,0.0,0,1,0,0,0,0,0,0,0,0,0,0,0,0,0,0,0,0,0,0,0,0,0,0,0,0,0,0,0,0,0,0,0,0,0,0,0,0,0,0,0,0,0,10,2,186.93968547000003,1.0,50,0.26686
C(COCCOCCOCCOCC(F)(F)F)OCC(F)(F)F,[Li+].[N-](S(=O)(=O)F)S(=O)(=O)F,0,0,0,0,0,0,0,0,0,5,0,0,0,0,0,0,0,0,0,0,0,0,0,0,0,0,0,0,0,0,0,6,0,6,0,0,0,0,0,0,0,0,23,14,0.0,0.0,0.0,1,0,0,0,358.12149306,0.0,0.0,0.0,0,1,0,0,0,0,0,0,0,0,0,0,0,0,0,0,0,0,0,0,0,0,0,0,0,0,0,0,0,0,0,0,0,0,0,0,0,0,0,0,0,0,0,10,2,186.93968547000003,1.0,40,0.17233
C(COCCOCCOCCOCC(F)(F)F)OCC(F)(F)F,[Li+].[N-](S(=O)(=O)F)S(=O)(=O)F,0,0,0,0,0,0,0,0,0,5,0,0,0,0,0,0,0,0,0,0,0,0,0,0,0,0,0,0,0,0,0,6,0,6,0,0,0,0,0,0,0,0,23,14,0.0,0.0,0.0,1,0,0,0,358.12149306,0.0,0.0,0.0,0,1,0,0,0,0,0,0,0,0,0,0,0,0,0,0,0,0,0,0,0,0,0,0,0,0,0,0,0,0,0,0,0,0,0,0,0,0,0,0,0,0,0,10,2,186.93968547000003,1.0,30,0.05571
C(COCCOCCOCCOCC(F)(F)F)OCC(F)(F)F,[Li+].[N-](S(=O)(=O)F)S(=O)(=O)F,0,0,0,0,0,0,0,0,0,5,0,0,0,0,0,0,0,0,0,0,0,0,0,0,0,0,0,0,0,0,0,6,0,6,0,0,0,0,0,0,0,0,23,14,0.0,0.0,0.0,1,0,0,0,358.12149306,0.0,0.0,0.0,0,1,0,0,0,0,0,0,0,0,0,0,0,0,0,0,0,0,0,0,0,0,0,0,0,0,0,0,0,0,0,0,0,0,0,0,0,0,0,0,0,0,0,10,2,186.93968547000003,1.0,20,-0.09094
C(OCCOCC(C(F)(F)F)(F)F)COCC(C(F)(F)F)(F)F,[Li+].[N-](S(=O)(=O)F)S(=O)(=O)F,0,0,0,0,0,0,0,0,0,3,0,0,0,0,0,0,0,0,0,0,0,0,0,0,0,0,0,0,0,0,0,10,0,10,0,0,0,0,0,0,0,0,23,10,0.0,0.0,0.0,1,0,0,0,370.062676444,0.0,0.0,0.0,0,1,0,0,0,0,0,0,0,0,0,0,0,0,0,0,0,0,0,0,0,0,0,0,0,0,0,0,0,0,0,0,0,0,0,0,0,0,0,0,0,0,0,10,2,186.93968547000003,1.0,80,-0.17036
C(OCCOCC(C(F)(F)F)(F)F)COCC(C(F)(F)F)(F)F,[Li+].[N-](S(=O)(=O)F)S(=O)(=O)F,0,0,0,0,0,0,0,0,0,3,0,0,0,0,0,0,0,0,0,0,0,0,0,0,0,0,0,0,0,0,0,10,0,10,0,0,0,0,0,0,0,0,23,10,0.0,0.0,0.0,1,0,0,0,370.062676444,0.0,0.0,0.0,0,1,0,0,0,0,0,0,0,0,0,0,0,0,0,0,0,0,0,0,0,0,0,0,0,0,0,0,0,0,0,0,0,0,0,0,0,0,0,0,0,0,0,10,2,186.93968547000003,1.0,70,-0.22527
C(OCCOCC(C(F)(F)F)(F)F)COCC(C(F)(F)F)(F)F,[Li+].[N-](S(=O)(=O)F)S(=O)(=O)F,0,0,0,0,0,0,0,0,0,3,0,0,0,0,0,0,0,0,0,0,0,0,0,0,0,0,0,0,0,0,0,10,0,10,0,0,0,0,0,0,0,0,23,10,0.0,0.0,0.0,1,0,0,0,370.062676444,0.0,0.0,0.0,0,1,0,0,0,0,0,0,0,0,0,0,0,0,0,0,0,0,0,0,0,0,0,0,0,0,0,0,0,0,0,0,0,0,0,0,0,0,0,0,0,0,0,10,2,186.93968547000003,1.0,60,-0.28372
C(OCCOCC(C(F)(F)F)(F)F)COCC(C(F)(F)F)(F)F,[Li+].[N-](S(=O)(=O)F)S(=O)(=O)F,0,0,0,0,0,0,0,0,0,3,0,0,0,0,0,0,0,0,0,0,0,0,0,0,0,0,0,0,0,0,0,10,0,10,0,0,0,0,0,0,0,0,23,10,0.0,0.0,0.0,1,0,0,0,370.062676444,0.0,0.0,0.0,0,1,0,0,0,0,0,0,0,0,0,0,0,0,0,0,0,0,0,0,0,0,0,0,0,0,0,0,0,0,0,0,0,0,0,0,0,0,0,0,0,0,0,10,2,186.93968547000003,1.0,50,-0.35853
C(OCCOCC(C(F)(F)F)(F)F)COCC(C(F)(F)F)(F)F,[Li+].[N-](S(=O)(=O)F)S(=O)(=O)F,0,0,0,0,0,0,0,0,0,3,0,0,0,0,0,0,0,0,0,0,0,0,0,0,0,0,0,0,0,0,0,10,0,10,0,0,0,0,0,0,0,0,23,10,0.0,0.0,0.0,1,0,0,0,370.062676444,0.0,0.0,0.0,0,1,0,0,0,0,0,0,0,0,0,0,0,0,0,0,0,0,0,0,0,0,0,0,0,0,0,0,0,0,0,0,0,0,0,0,0,0,0,0,0,0,0,10,2,186.93968547000003,1.0,40,-0.45127
C(OCCOCC(C(F)(F)F)(F)F)COCC(C(F)(F)F)(F)F,[Li+].[N-](S(=O)(=O)F)S(=O)(=O)F,0,0,0,0,0,0,0,0,0,3,0,0,0,0,0,0,0,0,0,0,0,0,0,0,0,0,0,0,0,0,0,10,0,10,0,0,0,0,0,0,0,0,23,10,0.0,0.0,0.0,1,0,0,0,370.062676444,0.0,0.0,0.0,0,1,0,0,0,0,0,0,0,0,0,0,0,0,0,0,0,0,0,0,0,0,0,0,0,0,0,0,0,0,0,0,0,0,0,0,0,0,0,0,0,0,0,10,2,186.93968547000003,1.0,30,-0.56456
C(OCCOCC(C(F)(F)F)(F)F)COCC(C(F)(F)F)(F)F,[Li+].[N-](S(=O)(=O)F)S(=O)(=O)F,0,0,0,0,0,0,0,0,0,3,0,0,0,0,0,0,0,0,0,0,0,0,0,0,0,0,0,0,0,0,0,10,0,10,0,0,0,0,0,0,0,0,23,10,0.0,0.0,0.0,1,0,0,0,370.062676444,0.0,0.0,0.0,0,1,0,0,0,0,0,0,0,0,0,0,0,0,0,0,0,0,0,0,0,0,0,0,0,0,0,0,0,0,0,0,0,0,0,0,0,0,0,0,0,0,0,10,2,186.93968547000003,1.0,20,-0.70162
C(OCCOCCOCC(C(F)(F)F)(F)F)COCC(C(F)(F)F)(F)F,[Li+].[N-](S(=O)(=O)F)S(=O)(=O)F,0,0,0,0,0,0,0,0,0,4,0,0,0,0,0,0,0,0,0,0,0,0,0,0,0,0,0,0,0,0,0,10,0,10,0,0,0,0,0,0,0,0,26,13,0.0,0.0,0.0,1,0,0,0,414.088891192,0.0,0.0,0.0,0,1,0,0,0,0,0,0,0,0,0,0,0,0,0,0,0,0,0,0,0,0,0,0,0,0,0,0,0,0,0,0,0,0,0,0,0,0,0,0,0,0,0,10,2,186.93968547000003,1.0,80,0.15433
C(OCCOCCOCC(C(F)(F)F)(F)F)COCC(C(F)(F)F)(F)F,[Li+].[N-](S(=O)(=O)F)S(=O)(=O)F,0,0,0,0,0,0,0,0,0,4,0,0,0,0,0,0,0,0,0,0,0,0,0,0,0,0,0,0,0,0,0,10,0,10,0,0,0,0,0,0,0,0,26,13,0.0,0.0,0.0,1,0,0,0,414.088891192,0.0,0.0,0.0,0,1,0,0,0,0,0,0,0,0,0,0,0,0,0,0,0,0,0,0,0,0,0,0,0,0,0,0,0,0,0,0,0,0,0,0,0,0,0,0,0,0,0,10,2,186.93968547000003,1.0,70,0.10396
C(OCCOCCOCC(C(F)(F)F)(F)F)COCC(C(F)(F)F)(F)F,[Li+].[N-](S(=O)(=O)F)S(=O)(=O)F,0,0,0,0,0,0,0,0,0,4,0,0,0,0,0,0,0,0,0,0,0,0,0,0,0,0,0,0,0,0,0,10,0,10,0,0,0,0,0,0,0,0,26,13,0.0,0.0,0.0,1,0,0,0,414.088891192,0.0,0.0,0.0,0,1,0,0,0,0,0,0,0,0,0,0,0,0,0,0,0,0,0,0,0,0,0,0,0,0,0,0,0,0,0,0,0,0,0,0,0,0,0,0,0,0,0,10,2,186.93968547000003,1.0,60,0.0377
C(OCCOCCOCC(C(F)(F)F)(F)F)COCC(C(F)(F)F)(F)F,[Li+].[N-](S(=O)(=O)F)S(=O)(=O)F,0,0,0,0,0,0,0,0,0,4,0,0,0,0,0,0,0,0,0,0,0,0,0,0,0,0,0,0,0,0,0,10,0,10,0,0,0,0,0,0,0,0,26,13,0.0,0.0,0.0,1,0,0,0,414.088891192,0.0,0.0,0.0,0,1,0,0,0,0,0,0,0,0,0,0,0,0,0,0,0,0,0,0,0,0,0,0,0,0,0,0,0,0,0,0,0,0,0,0,0,0,0,0,0,0,0,10,2,186.93968547000003,1.0,50,-0.04326
C(OCCOCCOCC(C(F)(F)F)(F)F)COCC(C(F)(F)F)(F)F,[Li+].[N-](S(=O)(=O)F)S(=O)(=O)F,0,0,0,0,0,0,0,0,0,4,0,0,0,0,0,0,0,0,0,0,0,0,0,0,0,0,0,0,0,0,0,10,0,10,0,0,0,0,0,0,0,0,26,13,0.0,0.0,0.0,1,0,0,0,414.088891192,0.0,0.0,0.0,0,1,0,0,0,0,0,0,0,0,0,0,0,0,0,0,0,0,0,0,0,0,0,0,0,0,0,0,0,0,0,0,0,0,0,0,0,0,0,0,0,0,0,10,2,186.93968547000003,1.0,40,-0.14624
C(OCCOCCOCC(C(F)(F)F)(F)F)COCC(C(F)(F)F)(F)F,[Li+].[N-](S(=O)(=O)F)S(=O)(=O)F,0,0,0,0,0,0,0,0,0,4,0,0,0,0,0,0,0,0,0,0,0,0,0,0,0,0,0,0,0,0,0,10,0,10,0,0,0,0,0,0,0,0,26,13,0.0,0.0,0.0,1,0,0,0,414.088891192,0.0,0.0,0.0,0,1,0,0,0,0,0,0,0,0,0,0,0,0,0,0,0,0,0,0,0,0,0,0,0,0,0,0,0,0,0,0,0,0,0,0,0,0,0,0,0,0,0,10,2,186.93968547000003,1.0,30,-0.27577
C(OCCOCCOCC(C(F)(F)F)(F)F)COCC(C(F)(F)F)(F)F,[Li+].[N-](S(=O)(=O)F)S(=O)(=O)F,0,0,0,0,0,0,0,0,0,4,0,0,0,0,0,0,0,0,0,0,0,0,0,0,0,0,0,0,0,0,0,10,0,10,0,0,0,0,0,0,0,0,26,13,0.0,0.0,0.0,1,0,0,0,414.088891192,0.0,0.0,0.0,0,1,0,0,0,0,0,0,0,0,0,0,0,0,0,0,0,0,0,0,0,0,0,0,0,0,0,0,0,0,0,0,0,0,0,0,0,0,0,0,0,0,0,10,2,186.93968547000003,1.0,20,-0.43495
C(OCCOCCOCC(C(F)(F)F)(F)F)COCCOCC(C(F)(F)F)(F)F,[Li+].[N-](S(=O)(=O)F)S(=O)(=O)F,0,0,0,0,0,0,0,0,0,5,0,0,0,0,0,0,0,0,0,0,0,0,0,0,0,0,0,0,0,0,0,10,0,10,0,0,0,0,0,0,0,0,29,16,0.0,0.0,0.0,1,0,0,0,458.11510594,0.0,0.0,0.0,0,1,0,0,0,0,0,0,0,0,0,0,0,0,0,0,0,0,0,0,0,0,0,0,0,0,0,0,0,0,0,0,0,0,0,0,0,0,0,0,0,0,0,10,2,186.93968547000003,1.0,80,0.26695
C(OCCOCCOCC(C(F)(F)F)(F)F)COCCOCC(C(F)(F)F)(F)F,[Li+].[N-](S(=O)(=O)F)S(=O)(=O)F,0,0,0,0,0,0,0,0,0,5,0,0,0,0,0,0,0,0,0,0,0,0,0,0,0,0,0,0,0,0,0,10,0,10,0,0,0,0,0,0,0,0,29,16,0.0,0.0,0.0,1,0,0,0,458.11510594,0.0,0.0,0.0,0,1,0,0,0,0,0,0,0,0,0,0,0,0,0,0,0,0,0,0,0,0,0,0,0,0,0,0,0,0,0,0,0,0,0,0,0,0,0,0,0,0,0,10,2,186.93968547000003,1.0,70,0.20341
C(OCCOCCOCC(C(F)(F)F)(F)F)COCCOCC(C(F)(F)F)(F)F,[Li+].[N-](S(=O)(=O)F)S(=O)(=O)F,0,0,0,0,0,0,0,0,0,5,0,0,0,0,0,0,0,0,0,0,0,0,0,0,0,0,0,0,0,0,0,10,0,10,0,0,0,0,0,0,0,0,29,16,0.0,0.0,0.0,1,0,0,0,458.11510594,0.0,0.0,0.0,0,1,0,0,0,0,0,0,0,0,0,0,0,0,0,0,0,0,0,0,0,0,0,0,0,0,0,0,0,0,0,0,0,0,0,0,0,0,0,0,0,0,0,10,2,186.93968547000003,1.0,60,0.12285
C(OCCOCCOCC(C(F)(F)F)(F)F)COCCOCC(C(F)(F)F)(F)F,[Li+].[N-](S(=O)(=O)F)S(=O)(=O)F,0,0,0,0,0,0,0,0,0,5,0,0,0,0,0,0,0,0,0,0,0,0,0,0,0,0,0,0,0,0,0,10,0,10,0,0,0,0,0,0,0,0,29,16,0.0,0.0,0.0,1,0,0,0,458.11510594,0.0,0.0,0.0,0,1,0,0,0,0,0,0,0,0,0,0,0,0,0,0,0,0,0,0,0,0,0,0,0,0,0,0,0,0,0,0,0,0,0,0,0,0,0,0,0,0,0,10,2,186.93968547000003,1.0,50,0.02172
C(OCCOCCOCC(C(F)(F)F)(F)F)COCCOCC(C(F)(F)F)(F)F,[Li+].[N-](S(=O)(=O)F)S(=O)(=O)F,0,0,0,0,0,0,0,0,0,5,0,0,0,0,0,0,0,0,0,0,0,0,0,0,0,0,0,0,0,0,0,10,0,10,0,0,0,0,0,0,0,0,29,16,0.0,0.0,0.0,1,0,0,0,458.11510594,0.0,0.0,0.0,0,1,0,0,0,0,0,0,0,0,0,0,0,0,0,0,0,0,0,0,0,0,0,0,0,0,0,0,0,0,0,0,0,0,0,0,0,0,0,0,0,0,0,10,2,186.93968547000003,1.0,40,-0.10106
C(OCCOCCOCC(C(F)(F)F)(F)F)COCCOCC(C(F)(F)F)(F)F,[Li+].[N-](S(=O)(=O)F)S(=O)(=O)F,0,0,0,0,0,0,0,0,0,5,0,0,0,0,0,0,0,0,0,0,0,0,0,0,0,0,0,0,0,0,0,10,0,10,0,0,0,0,0,0,0,0,29,16,0.0,0.0,0.0,1,0,0,0,458.11510594,0.0,0.0,0.0,0,1,0,0,0,0,0,0,0,0,0,0,0,0,0,0,0,0,0,0,0,0,0,0,0,0,0,0,0,0,0,0,0,0,0,0,0,0,0,0,0,0,0,10,2,186.93968547000003,1.0,30,-0.2526
C(OCCOCCOCC(C(F)(F)F)(F)F)COCCOCC(C(F)(F)F)(F)F,[Li+].[N-](S(=O)(=O)F)S(=O)(=O)F,0,0,0,0,0,0,0,0,0,5,0,0,0,0,0,0,0,0,0,0,0,0,0,0,0,0,0,0,0,0,0,10,0,10,0,0,0,0,0,0,0,0,29,16,0.0,0.0,0.0,1,0,0,0,458.11510594,0.0,0.0,0.0,0,1,0,0,0,0,0,0,0,0,0,0,0,0,0,0,0,0,0,0,0,0,0,0,0,0,0,0,0,0,0,0,0,0,0,0,0,0,0,0,0,0,0,10,2,186.93968547000003,1.0,20,-0.4388
C(OCCOCCOCCOCC(C(F)(F)F)(F)F)COCCOCC(C(F)(F)F)(F)F,[Li+].[N-](S(=O)(=O)F)S(=O)(=O)F,0,0,0,0,0,0,0,0,0,6,0,0,0,0,0,0,0,0,0,0,0,0,0,0,0,0,0,0,0,0,0,10,0,10,0,0,0,0,0,0,0,0,32,19,0.0,0.0,0.0,1,0,0,0,502.14132068799995,0.0,0.0,0.0,0,1,0,0,0,0,0,0,0,0,0,0,0,0,0,0,0,0,0,0,0,0,0,0,0,0,0,0,0,0,0,0,0,0,0,0,0,0,0,0,0,0,0,10,2,186.93968547000003,1.0,80,0.31464
C(OCCOCCOCCOCC(C(F)(F)F)(F)F)COCCOCC(C(F)(F)F)(F)F,[Li+].[N-](S(=O)(=O)F)S(=O)(=O)F,0,0,0,0,0,0,0,0,0,6,0,0,0,0,0,0,0,0,0,0,0,0,0,0,0,0,0,0,0,0,0,10,0,10,0,0,0,0,0,0,0,0,32,19,0.0,0.0,0.0,1,0,0,0,502.14132068799995,0.0,0.0,0.0,0,1,0,0,0,0,0,0,0,0,0,0,0,0,0,0,0,0,0,0,0,0,0,0,0,0,0,0,0,0,0,0,0,0,0,0,0,0,0,0,0,0,0,10,2,186.93968547000003,1.0,70,0.25085
C(OCCOCCOCCOCC(C(F)(F)F)(F)F)COCCOCC(C(F)(F)F)(F)F,[Li+].[N-](S(=O)(=O)F)S(=O)(=O)F,0,0,0,0,0,0,0,0,0,6,0,0,0,0,0,0,0,0,0,0,0,0,0,0,0,0,0,0,0,0,0,10,0,10,0,0,0,0,0,0,0,0,32,19,0.0,0.0,0.0,1,0,0,0,502.14132068799995,0.0,0.0,0.0,0,1,0,0,0,0,0,0,0,0,0,0,0,0,0,0,0,0,0,0,0,0,0,0,0,0,0,0,0,0,0,0,0,0,0,0,0,0,0,0,0,0,0,10,2,186.93968547000003,1.0,60,0.16899
C(OCCOCCOCCOCC(C(F)(F)F)(F)F)COCCOCC(C(F)(F)F)(F)F,[Li+].[N-](S(=O)(=O)F)S(=O)(=O)F,0,0,0,0,0,0,0,0,0,6,0,0,0,0,0,0,0,0,0,0,0,0,0,0,0,0,0,0,0,0,0,10,0,10,0,0,0,0,0,0,0,0,32,19,0.0,0.0,0.0,1,0,0,0,502.14132068799995,0.0,0.0,0.0,0,1,0,0,0,0,0,0,0,0,0,0,0,0,0,0,0,0,0,0,0,0,0,0,0,0,0,0,0,0,0,0,0,0,0,0,0,0,0,0,0,0,0,10,2,186.93968547000003,1.0,50,0.06514
C(OCCOCCOCCOCC(C(F)(F)F)(F)F)COCCOCC(C(F)(F)F)(F)F,[Li+].[N-](S(=O)(=O)F)S(=O)(=O)F,0,0,0,0,0,0,0,0,0,6,0,0,0,0,0,0,0,0,0,0,0,0,0,0,0,0,0,0,0,0,0,10,0,10,0,0,0,0,0,0,0,0,32,19,0.0,0.0,0.0,1,0,0,0,502.14132068799995,0.0,0.0,0.0,0,1,0,0,0,0,0,0,0,0,0,0,0,0,0,0,0,0,0,0,0,0,0,0,0,0,0,0,0,0,0,0,0,0,0,0,0,0,0,0,0,0,0,10,2,186.93968547000003,1.0,40,-0.06215
C(OCCOCCOCCOCC(C(F)(F)F)(F)F)COCCOCC(C(F)(F)F)(F)F,[Li+].[N-](S(=O)(=O)F)S(=O)(=O)F,0,0,0,0,0,0,0,0,0,6,0,0,0,0,0,0,0,0,0,0,0,0,0,0,0,0,0,0,0,0,0,10,0,10,0,0,0,0,0,0,0,0,32,19,0.0,0.0,0.0,1,0,0,0,502.14132068799995,0.0,0.0,0.0,0,1,0,0,0,0,0,0,0,0,0,0,0,0,0,0,0,0,0,0,0,0,0,0,0,0,0,0,0,0,0,0,0,0,0,0,0,0,0,0,0,0,0,10,2,186.93968547000003,1.0,30,-0.22451
C(OCCOCCOCCOCC(C(F)(F)F)(F)F)COCCOCC(C(F)(F)F)(F)F,[Li+].[N-](S(=O)(=O)F)S(=O)(=O)F,0,0,0,0,0,0,0,0,0,6,0,0,0,0,0,0,0,0,0,0,0,0,0,0,0,0,0,0,0,0,0,10,0,10,0,0,0,0,0,0,0,0,32,19,0.0,0.0,0.0,1,0,0,0,502.14132068799995,0.0,0.0,0.0,0,1,0,0,0,0,0,0,0,0,0,0,0,0,0,0,0,0,0,0,0,0,0,0,0,0,0,0,0,0,0,0,0,0,0,0,0,0,0,0,0,0,0,10,2,186.93968547000003,1.0,20,-0.41352
C(OCCOCCOCCOCC(F)(F)F)COCCOCC(F)(F)F,[Li+].[N-](S(=O)(=O)F)S(=O)(=O)F,0,0,0,0,0,0,0,0,0,6,0,0,0,0,0,0,0,0,0,0,0,0,0,0,0,0,0,0,0,0,0,6,0,6,0,0,0,0,0,0,0,0,26,17,0.0,0.0,0.0,1,0,0,0,402.14770780799995,0.0,0.0,0.0,0,1,0,0,0,0,0,0,0,0,0,0,0,0,0,0,0,0,0,0,0,0,0,0,0,0,0,0,0,0,0,0,0,0,0,0,0,0,0,0,0,0,0,10,2,186.93968547000003,1.0,80,0.37173
C(OCCOCCOCCOCC(F)(F)F)COCCOCC(F)(F)F,[Li+].[N-](S(=O)(=O)F)S(=O)(=O)F,0,0,0,0,0,0,0,0,0,6,0,0,0,0,0,0,0,0,0,0,0,0,0,0,0,0,0,0,0,0,0,6,0,6,0,0,0,0,0,0,0,0,26,17,0.0,0.0,0.0,1,0,0,0,402.14770780799995,0.0,0.0,0.0,0,1,0,0,0,0,0,0,0,0,0,0,0,0,0,0,0,0,0,0,0,0,0,0,0,0,0,0,0,0,0,0,0,0,0,0,0,0,0,0,0,0,0,10,2,186.93968547000003,1.0,70,0.31398
C(OCCOCCOCCOCC(F)(F)F)COCCOCC(F)(F)F,[Li+].[N-](S(=O)(=O)F)S(=O)(=O)F,0,0,0,0,0,0,0,0,0,6,0,0,0,0,0,0,0,0,0,0,0,0,0,0,0,0,0,0,0,0,0,6,0,6,0,0,0,0,0,0,0,0,26,17,0.0,0.0,0.0,1,0,0,0,402.14770780799995,0.0,0.0,0.0,0,1,0,0,0,0,0,0,0,0,0,0,0,0,0,0,0,0,0,0,0,0,0,0,0,0,0,0,0,0,0,0,0,0,0,0,0,0,0,0,0,0,0,10,2,186.93968547000003,1.0,60,0.25229
C(OCCOCCOCCOCC(F)(F)F)COCCOCC(F)(F)F,[Li+].[N-](S(=O)(=O)F)S(=O)(=O)F,0,0,0,0,0,0,0,0,0,6,0,0,0,0,0,0,0,0,0,0,0,0,0,0,0,0,0,0,0,0,0,6,0,6,0,0,0,0,0,0,0,0,26,17,0.0,0.0,0.0,1,0,0,0,402.14770780799995,0.0,0.0,0.0,0,1,0,0,0,0,0,0,0,0,0,0,0,0,0,0,0,0,0,0,0,0,0,0,0,0,0,0,0,0,0,0,0,0,0,0,0,0,0,0,0,0,0,10,2,186.93968547000003,1.0,50,0.17862
C(OCCOCCOCCOCC(F)(F)F)COCCOCC(F)(F)F,[Li+].[N-](S(=O)(=O)F)S(=O)(=O)F,0,0,0,0,0,0,0,0,0,6,0,0,0,0,0,0,0,0,0,0,0,0,0,0,0,0,0,0,0,0,0,6,0,6,0,0,0,0,0,0,0,0,26,17,0.0,0.0,0.0,1,0,0,0,402.14770780799995,0.0,0.0,0.0,0,1,0,0,0,0,0,0,0,0,0,0,0,0,0,0,0,0,0,0,0,0,0,0,0,0,0,0,0,0,0,0,0,0,0,0,0,0,0,0,0,0,0,10,2,186.93968547000003,1.0,40,0.09584
C(OCCOCCOCCOCC(F)(F)F)COCCOCC(F)(F)F,[Li+].[N-](S(=O)(=O)F)S(=O)(=O)F,0,0,0,0,0,0,0,0,0,6,0,0,0,0,0,0,0,0,0,0,0,0,0,0,0,0,0,0,0,0,0,6,0,6,0,0,0,0,0,0,0,0,26,17,0.0,0.0,0.0,1,0,0,0,402.14770780799995,0.0,0.0,0.0,0,1,0,0,0,0,0,0,0,0,0,0,0,0,0,0,0,0,0,0,0,0,0,0,0,0,0,0,0,0,0,0,0,0,0,0,0,0,0,0,0,0,0,10,2,186.93968547000003,1.0,30,-0.01939
C(OCCOCCOCCOCC(F)(F)F)COCCOCC(F)(F)F,[Li+].[N-](S(=O)(=O)F)S(=O)(=O)F,0,0,0,0,0,0,0,0,0,6,0,0,0,0,0,0,0,0,0,0,0,0,0,0,0,0,0,0,0,0,0,6,0,6,0,0,0,0,0,0,0,0,26,17,0.0,0.0,0.0,1,0,0,0,402.14770780799995,0.0,0.0,0.0,0,1,0,0,0,0,0,0,0,0,0,0,0,0,0,0,0,0,0,0,0,0,0,0,0,0,0,0,0,0,0,0,0,0,0,0,0,0,0,0,0,0,0,10,2,186.93968547000003,1.0,20,-0.16536
C(OCCOCCOC)COCCOC,[Li+].[N-](S(=O)(=O)F)S(=O)(=O)F,0,0,0,0,0,0,0,0,0,5,0,0,0,0,0,0,0,0,0,0,0,0,0,0,0,0,0,0,0,0,0,0,0,0,0,0,0,0,0,0,0,0,15,12,0.0,0.0,0.0,1,0,0,0,222.146723804,0.0,0.0,0.0,0,1,0,0,0,0,0,0,0,0,0,0,0,0,0,0,0,0,0,0,0,0,0,0,0,0,0,0,0,0,0,0,0,0,0,0,0,0,0,0,0,0,0,10,2,186.93968547000003,1.0,80,0.73291
C(OCCOCCOC)COCCOC,[Li+].[N-](S(=O)(=O)F)S(=O)(=O)F,0,0,0,0,0,0,0,0,0,5,0,0,0,0,0,0,0,0,0,0,0,0,0,0,0,0,0,0,0,0,0,0,0,0,0,0,0,0,0,0,0,0,15,12,0.0,0.0,0.0,1,0,0,0,222.146723804,0.0,0.0,0.0,0,1,0,0,0,0,0,0,0,0,0,0,0,0,0,0,0,0,0,0,0,0,0,0,0,0,0,0,0,0,0,0,0,0,0,0,0,0,0,0,0,0,0,10,2,186.93968547000003,1.0,70,0.69135
C(OCCOCCOC)COCCOC,[Li+].[N-](S(=O)(=O)F)S(=O)(=O)F,0,0,0,0,0,0,0,0,0,5,0,0,0,0,0,0,0,0,0,0,0,0,0,0,0,0,0,0,0,0,0,0,0,0,0,0,0,0,0,0,0,0,15,12,0.0,0.0,0.0,1,0,0,0,222.146723804,0.0,0.0,0.0,0,1,0,0,0,0,0,0,0,0,0,0,0,0,0,0,0,0,0,0,0,0,0,0,0,0,0,0,0,0,0,0,0,0,0,0,0,0,0,0,0,0,0,10,2,186.93968547000003,1.0,60,0.64828
C(OCCOCCOC)COCCOC,[Li+].[N-](S(=O)(=O)F)S(=O)(=O)F,0,0,0,0,0,0,0,0,0,5,0,0,0,0,0,0,0,0,0,0,0,0,0,0,0,0,0,0,0,0,0,0,0,0,0,0,0,0,0,0,0,0,15,12,0.0,0.0,0.0,1,0,0,0,222.146723804,0.0,0.0,0.0,0,1,0,0,0,0,0,0,0,0,0,0,0,0,0,0,0,0,0,0,0,0,0,0,0,0,0,0,0,0,0,0,0,0,0,0,0,0,0,0,0,0,0,10,2,186.93968547000003,1.0,50,0.59261
C(OCCOCCOC)COCCOC,[Li+].[N-](S(=O)(=O)F)S(=O)(=O)F,0,0,0,0,0,0,0,0,0,5,0,0,0,0,0,0,0,0,0,0,0,0,0,0,0,0,0,0,0,0,0,0,0,0,0,0,0,0,0,0,0,0,15,12,0.0,0.0,0.0,1,0,0,0,222.146723804,0.0,0.0,0.0,0,1,0,0,0,0,0,0,0,0,0,0,0,0,0,0,0,0,0,0,0,0,0,0,0,0,0,0,0,0,0,0,0,0,0,0,0,0,0,0,0,0,0,10,2,186.93968547000003,1.0,40,0.5272
C(OCCOCCOC)COCCOC,[Li+].[N-](S(=O)(=O)F)S(=O)(=O)F,0,0,0,0,0,0,0,0,0,5,0,0,0,0,0,0,0,0,0,0,0,0,0,0,0,0,0,0,0,0,0,0,0,0,0,0,0,0,0,0,0,0,15,12,0.0,0.0,0.0,1,0,0,0,222.146723804,0.0,0.0,0.0,0,1,0,0,0,0,0,0,0,0,0,0,0,0,0,0,0,0,0,0,0,0,0,0,0,0,0,0,0,0,0,0,0,0,0,0,0,0,0,0,0,0,0,10,2,186.93968547000003,1.0,30,0.44836
C(OCCOCCOC)COCCOC,[Li+].[N-](S(=O)(=O)F)S(=O)(=O)F,0,0,0,0,0,0,0,0,0,5,0,0,0,0,0,0,0,0,0,0,0,0,0,0,0,0,0,0,0,0,0,0,0,0,0,0,0,0,0,0,0,0,15,12,0.0,0.0,0.0,1,0,0,0,222.146723804,0.0,0.0,0.0,0,1,0,0,0,0,0,0,0,0,0,0,0,0,0,0,0,0,0,0,0,0,0,0,0,0,0,0,0,0,0,0,0,0,0,0,0,0,0,0,0,0,0,10,2,186.93968547000003,1.0,20,0.35016
C(COCCOCCOCC(F)(F)F)(F)(F)F,[Li+].[N-](S(=O)(=O)F)S(=O)(=O)F,0,0,0,0,0,0,0,0,0,3,0,0,0,0,0,0,0,0,0,0,0,0,0,0,0,0,0,0,0,0,0,6,0,6,0,0,0,0,0,0,0,0,17,8,0.0,0.0,0.0,1,0,0,0,270.069063564,0.0,0.0,0.0,0,1,0,0,0,0,0,0,0,0,0,0,0,0,0,0,0,0,0,0,0,0,0,0,0,0,0,0,0,0,0,0,0,0,0,0,0,0,0,0,0,0,0,10,2,186.93968547000003,0.5,80,0.15101
C(COCCOCCOCC(F)(F)F)(F)(F)F,[Li+].[N-](S(=O)(=O)F)S(=O)(=O)F,0,0,0,0,0,0,0,0,0,3,0,0,0,0,0,0,0,0,0,0,0,0,0,0,0,0,0,0,0,0,0,6,0,6,0,0,0,0,0,0,0,0,17,8,0.0,0.0,0.0,1,0,0,0,270.069063564,0.0,0.0,0.0,0,1,0,0,0,0,0,0,0,0,0,0,0,0,0,0,0,0,0,0,0,0,0,0,0,0,0,0,0,0,0,0,0,0,0,0,0,0,0,0,0,0,0,10,2,186.93968547000003,0.5,70,0.12744
C(COCCOCCOCC(F)(F)F)(F)(F)F,[Li+].[N-](S(=O)(=O)F)S(=O)(=O)F,0,0,0,0,0,0,0,0,0,3,0,0,0,0,0,0,0,0,0,0,0,0,0,0,0,0,0,0,0,0,0,6,0,6,0,0,0,0,0,0,0,0,17,8,0.0,0.0,0.0,1,0,0,0,270.069063564,0.0,0.0,0.0,0,1,0,0,0,0,0,0,0,0,0,0,0,0,0,0,0,0,0,0,0,0,0,0,0,0,0,0,0,0,0,0,0,0,0,0,0,0,0,0,0,0,0,10,2,186.93968547000003,0.5,60,0.09466
C(COCCOCCOCC(F)(F)F)(F)(F)F,[Li+].[N-](S(=O)(=O)F)S(=O)(=O)F,0,0,0,0,0,0,0,0,0,3,0,0,0,0,0,0,0,0,0,0,0,0,0,0,0,0,0,0,0,0,0,6,0,6,0,0,0,0,0,0,0,0,17,8,0.0,0.0,0.0,1,0,0,0,270.069063564,0.0,0.0,0.0,0,1,0,0,0,0,0,0,0,0,0,0,0,0,0,0,0,0,0,0,0,0,0,0,0,0,0,0,0,0,0,0,0,0,0,0,0,0,0,0,0,0,0,10,2,186.93968547000003,0.5,50,0.05524
C(COCCOCCOCC(F)(F)F)(F)(F)F,[Li+].[N-](S(=O)(=O)F)S(=O)(=O)F,0,0,0,0,0,0,0,0,0,3,0,0,0,0,0,0,0,0,0,0,0,0,0,0,0,0,0,0,0,0,0,6,0,6,0,0,0,0,0,0,0,0,17,8,0.0,0.0,0.0,1,0,0,0,270.069063564,0.0,0.0,0.0,0,1,0,0,0,0,0,0,0,0,0,0,0,0,0,0,0,0,0,0,0,0,0,0,0,0,0,0,0,0,0,0,0,0,0,0,0,0,0,0,0,0,0,10,2,186.93968547000003,0.5,40,0.00709
C(COCCOCCOCC(F)(F)F)(F)(F)F,[Li+].[N-](S(=O)(=O)F)S(=O)(=O)F,0,0,0,0,0,0,0,0,0,3,0,0,0,0,0,0,0,0,0,0,0,0,0,0,0,0,0,0,0,0,0,6,0,6,0,0,0,0,0,0,0,0,17,8,0.0,0.0,0.0,1,0,0,0,270.069063564,0.0,0.0,0.0,0,1,0,0,0,0,0,0,0,0,0,0,0,0,0,0,0,0,0,0,0,0,0,0,0,0,0,0,0,0,0,0,0,0,0,0,0,0,0,0,0,0,0,10,2,186.93968547000003,0.5,30,-0.0555
C(COCCOCCOCC(F)(F)F)(F)(F)F,[Li+].[N-](S(=O)(=O)F)S(=O)(=O)F,0,0,0,0,0,0,0,0,0,3,0,0,0,0,0,0,0,0,0,0,0,0,0,0,0,0,0,0,0,0,0,6,0,6,0,0,0,0,0,0,0,0,17,8,0.0,0.0,0.0,1,0,0,0,270.069063564,0.0,0.0,0.0,0,1,0,0,0,0,0,0,0,0,0,0,0,0,0,0,0,0,0,0,0,0,0,0,0,0,0,0,0,0,0,0,0,0,0,0,0,0,0,0,0,0,0,10,2,186.93968547000003,0.5,20,-0.12921
C(COCCOCCOCC(F)(F)F)(F)(F)F,[Li+].[N-](S(=O)(=O)F)S(=O)(=O)F,0,0,0,0,0,0,0,0,0,3,0,0,0,0,0,0,0,0,0,0,0,0,0,0,0,0,0,0,0,0,0,6,0,6,0,0,0,0,0,0,0,0,17,8,0.0,0.0,0.0,1,0,0,0,270.069063564,0.0,0.0,0.0,0,1,0,0,0,0,0,0,0,0,0,0,0,0,0,0,0,0,0,0,0,0,0,0,0,0,0,0,0,0,0,0,0,0,0,0,0,0,0,0,0,0,0,10,2,186.93968547000003,0.1,80,-0.43273
C(COCCOCCOCC(F)(F)F)(F)(F)F,[Li+].[N-](S(=O)(=O)F)S(=O)(=O)F,0,0,0,0,0,0,0,0,0,3,0,0,0,0,0,0,0,0,0,0,0,0,0,0,0,0,0,0,0,0,0,6,0,6,0,0,0,0,0,0,0,0,17,8,0.0,0.0,0.0,1,0,0,0,270.069063564,0.0,0.0,0.0,0,1,0,0,0,0,0,0,0,0,0,0,0,0,0,0,0,0,0,0,0,0,0,0,0,0,0,0,0,0,0,0,0,0,0,0,0,0,0,0,0,0,0,10,2,186.93968547000003,0.1,70,-0.43546
C(COCCOCCOCC(F)(F)F)(F)(F)F,[Li+].[N-](S(=O)(=O)F)S(=O)(=O)F,0,0,0,0,0,0,0,0,0,3,0,0,0,0,0,0,0,0,0,0,0,0,0,0,0,0,0,0,0,0,0,6,0,6,0,0,0,0,0,0,0,0,17,8,0.0,0.0,0.0,1,0,0,0,270.069063564,0.0,0.0,0.0,0,1,0,0,0,0,0,0,0,0,0,0,0,0,0,0,0,0,0,0,0,0,0,0,0,0,0,0,0,0,0,0,0,0,0,0,0,0,0,0,0,0,0,10,2,186.93968547000003,0.1,60,-0.44353
C(COCCOCCOCC(F)(F)F)(F)(F)F,[Li+].[N-](S(=O)(=O)F)S(=O)(=O)F,0,0,0,0,0,0,0,0,0,3,0,0,0,0,0,0,0,0,0,0,0,0,0,0,0,0,0,0,0,0,0,6,0,6,0,0,0,0,0,0,0,0,17,8,0.0,0.0,0.0,1,0,0,0,270.069063564,0.0,0.0,0.0,0,1,0,0,0,0,0,0,0,0,0,0,0,0,0,0,0,0,0,0,0,0,0,0,0,0,0,0,0,0,0,0,0,0,0,0,0,0,0,0,0,0,0,10,2,186.93968547000003,0.1,50,-0.45948
C(COCCOCCOCC(F)(F)F)(F)(F)F,[Li+].[N-](S(=O)(=O)F)S(=O)(=O)F,0,0,0,0,0,0,0,0,0,3,0,0,0,0,0,0,0,0,0,0,0,0,0,0,0,0,0,0,0,0,0,6,0,6,0,0,0,0,0,0,0,0,17,8,0.0,0.0,0.0,1,0,0,0,270.069063564,0.0,0.0,0.0,0,1,0,0,0,0,0,0,0,0,0,0,0,0,0,0,0,0,0,0,0,0,0,0,0,0,0,0,0,0,0,0,0,0,0,0,0,0,0,0,0,0,0,10,2,186.93968547000003,0.1,40,-0.48385
C(COCCOCCOCC(F)(F)F)(F)(F)F,[Li+].[N-](S(=O)(=O)F)S(=O)(=O)F,0,0,0,0,0,0,0,0,0,3,0,0,0,0,0,0,0,0,0,0,0,0,0,0,0,0,0,0,0,0,0,6,0,6,0,0,0,0,0,0,0,0,17,8,0.0,0.0,0.0,1,0,0,0,270.069063564,0.0,0.0,0.0,0,1,0,0,0,0,0,0,0,0,0,0,0,0,0,0,0,0,0,0,0,0,0,0,0,0,0,0,0,0,0,0,0,0,0,0,0,0,0,0,0,0,0,10,2,186.93968547000003,0.1,30,-0.51905
C(COCCOCCOCC(F)(F)F)(F)(F)F,[Li+].[N-](S(=O)(=O)F)S(=O)(=O)F,0,0,0,0,0,0,0,0,0,3,0,0,0,0,0,0,0,0,0,0,0,0,0,0,0,0,0,0,0,0,0,6,0,6,0,0,0,0,0,0,0,0,17,8,0.0,0.0,0.0,1,0,0,0,270.069063564,0.0,0.0,0.0,0,1,0,0,0,0,0,0,0,0,0,0,0,0,0,0,0,0,0,0,0,0,0,0,0,0,0,0,0,0,0,0,0,0,0,0,0,0,0,0,0,0,0,10,2,186.93968547000003,0.1,20,-0.56576
C(COCCOCCOCCOCC(F)(F)F)OCC(F)(F)F,[Li+].[N-](S(=O)(=O)F)S(=O)(=O)F,0,0,0,0,0,0,0,0,0,5,0,0,0,0,0,0,0,0,0,0,0,0,0,0,0,0,0,0,0,0,0,6,0,6,0,0,0,0,0,0,0,0,23,14,0.0,0.0,0.0,1,0,0,0,358.12149306,0.0,0.0,0.0,0,1,0,0,0,0,0,0,0,0,0,0,0,0,0,0,0,0,0,0,0,0,0,0,0,0,0,0,0,0,0,0,0,0,0,0,0,0,0,0,0,0,0,10,2,186.93968547000003,0.5,80,0.19313
C(COCCOCCOCCOCC(F)(F)F)OCC(F)(F)F,[Li+].[N-](S(=O)(=O)F)S(=O)(=O)F,0,0,0,0,0,0,0,0,0,5,0,0,0,0,0,0,0,0,0,0,0,0,0,0,0,0,0,0,0,0,0,6,0,6,0,0,0,0,0,0,0,0,23,14,0.0,0.0,0.0,1,0,0,0,358.12149306,0.0,0.0,0.0,0,1,0,0,0,0,0,0,0,0,0,0,0,0,0,0,0,0,0,0,0,0,0,0,0,0,0,0,0,0,0,0,0,0,0,0,0,0,0,0,0,0,0,10,2,186.93968547000003,0.5,70,0.15372
C(COCCOCCOCCOCC(F)(F)F)OCC(F)(F)F,[Li+].[N-](S(=O)(=O)F)S(=O)(=O)F,0,0,0,0,0,0,0,0,0,5,0,0,0,0,0,0,0,0,0,0,0,0,0,0,0,0,0,0,0,0,0,6,0,6,0,0,0,0,0,0,0,0,23,14,0.0,0.0,0.0,1,0,0,0,358.12149306,0.0,0.0,0.0,0,1,0,0,0,0,0,0,0,0,0,0,0,0,0,0,0,0,0,0,0,0,0,0,0,0,0,0,0,0,0,0,0,0,0,0,0,0,0,0,0,0,0,10,2,186.93968547000003,0.5,60,0.11525
C(COCCOCCOCCOCC(F)(F)F)OCC(F)(F)F,[Li+].[N-](S(=O)(=O)F)S(=O)(=O)F,0,0,0,0,0,0,0,0,0,5,0,0,0,0,0,0,0,0,0,0,0,0,0,0,0,0,0,0,0,0,0,6,0,6,0,0,0,0,0,0,0,0,23,14,0.0,0.0,0.0,1,0,0,0,358.12149306,0.0,0.0,0.0,0,1,0,0,0,0,0,0,0,0,0,0,0,0,0,0,0,0,0,0,0,0,0,0,0,0,0,0,0,0,0,0,0,0,0,0,0,0,0,0,0,0,0,10,2,186.93968547000003,0.5,50,0.06049
C(COCCOCCOCCOCC(F)(F)F)OCC(F)(F)F,[Li+].[N-](S(=O)(=O)F)S(=O)(=O)F,0,0,0,0,0,0,0,0,0,5,0,0,0,0,0,0,0,0,0,0,0,0,0,0,0,0,0,0,0,0,0,6,0,6,0,0,0,0,0,0,0,0,23,14,0.0,0.0,0.0,1,0,0,0,358.12149306,0.0,0.0,0.0,0,1,0,0,0,0,0,0,0,0,0,0,0,0,0,0,0,0,0,0,0,0,0,0,0,0,0,0,0,0,0,0,0,0,0,0,0,0,0,0,0,0,0,10,2,186.93968547000003,0.5,40,-0.00233
C(COCCOCCOCCOCC(F)(F)F)OCC(F)(F)F,[Li+].[N-](S(=O)(=O)F)S(=O)(=O)F,0,0,0,0,0,0,0,0,0,5,0,0,0,0,0,0,0,0,0,0,0,0,0,0,0,0,0,0,0,0,0,6,0,6,0,0,0,0,0,0,0,0,23,14,0.0,0.0,0.0,1,0,0,0,358.12149306,0.0,0.0,0.0,0,1,0,0,0,0,0,0,0,0,0,0,0,0,0,0,0,0,0,0,0,0,0,0,0,0,0,0,0,0,0,0,0,0,0,0,0,0,0,0,0,0,0,10,2,186.93968547000003,0.5,30,-0.08465
C(COCCOCCOCCOCC(F)(F)F)OCC(F)(F)F,[Li+].[N-](S(=O)(=O)F)S(=O)(=O)F,0,0,0,0,0,0,0,0,0,5,0,0,0,0,0,0,0,0,0,0,0,0,0,0,0,0,0,0,0,0,0,6,0,6,0,0,0,0,0,0,0,0,23,14,0.0,0.0,0.0,1,0,0,0,358.12149306,0.0,0.0,0.0,0,1,0,0,0,0,0,0,0,0,0,0,0,0,0,0,0,0,0,0,0,0,0,0,0,0,0,0,0,0,0,0,0,0,0,0,0,0,0,0,0,0,0,10,2,186.93968547000003,0.5,20,-0.19493
C(COCCOCCOCCOCC(F)(F)F)OCC(F)(F)F,[Li+].[N-](S(=O)(=O)F)S(=O)(=O)F,0,0,0,0,0,0,0,0,0,5,0,0,0,0,0,0,0,0,0,0,0,0,0,0,0,0,0,0,0,0,0,6,0,6,0,0,0,0,0,0,0,0,23,14,0.0,0.0,0.0,1,0,0,0,358.12149306,0.0,0.0,0.0,0,1,0,0,0,0,0,0,0,0,0,0,0,0,0,0,0,0,0,0,0,0,0,0,0,0,0,0,0,0,0,0,0,0,0,0,0,0,0,0,0,0,0,10,2,186.93968547000003,0.1,80,-0.19611
C(COCCOCCOCCOCC(F)(F)F)OCC(F)(F)F,[Li+].[N-](S(=O)(=O)F)S(=O)(=O)F,0,0,0,0,0,0,0,0,0,5,0,0,0,0,0,0,0,0,0,0,0,0,0,0,0,0,0,0,0,0,0,6,0,6,0,0,0,0,0,0,0,0,23,14,0.0,0.0,0.0,1,0,0,0,358.12149306,0.0,0.0,0.0,0,1,0,0,0,0,0,0,0,0,0,0,0,0,0,0,0,0,0,0,0,0,0,0,0,0,0,0,0,0,0,0,0,0,0,0,0,0,0,0,0,0,0,10,2,186.93968547000003,0.1,70,-0.21674
C(COCCOCCOCCOCC(F)(F)F)OCC(F)(F)F,[Li+].[N-](S(=O)(=O)F)S(=O)(=O)F,0,0,0,0,0,0,0,0,0,5,0,0,0,0,0,0,0,0,0,0,0,0,0,0,0,0,0,0,0,0,0,6,0,6,0,0,0,0,0,0,0,0,23,14,0.0,0.0,0.0,1,0,0,0,358.12149306,0.0,0.0,0.0,0,1,0,0,0,0,0,0,0,0,0,0,0,0,0,0,0,0,0,0,0,0,0,0,0,0,0,0,0,0,0,0,0,0,0,0,0,0,0,0,0,0,0,10,2,186.93968547000003,0.1,60,-0.2588
C(COCCOCCOCCOCC(F)(F)F)OCC(F)(F)F,[Li+].[N-](S(=O)(=O)F)S(=O)(=O)F,0,0,0,0,0,0,0,0,0,5,0,0,0,0,0,0,0,0,0,0,0,0,0,0,0,0,0,0,0,0,0,6,0,6,0,0,0,0,0,0,0,0,23,14,0.0,0.0,0.0,1,0,0,0,358.12149306,0.0,0.0,0.0,0,1,0,0,0,0,0,0,0,0,0,0,0,0,0,0,0,0,0,0,0,0,0,0,0,0,0,0,0,0,0,0,0,0,0,0,0,0,0,0,0,0,0,10,2,186.93968547000003,0.1,50,-0.30822
C(COCCOCCOCCOCC(F)(F)F)OCC(F)(F)F,[Li+].[N-](S(=O)(=O)F)S(=O)(=O)F,0,0,0,0,0,0,0,0,0,5,0,0,0,0,0,0,0,0,0,0,0,0,0,0,0,0,0,0,0,0,0,6,0,6,0,0,0,0,0,0,0,0,23,14,0.0,0.0,0.0,1,0,0,0,358.12149306,0.0,0.0,0.0,0,1,0,0,0,0,0,0,0,0,0,0,0,0,0,0,0,0,0,0,0,0,0,0,0,0,0,0,0,0,0,0,0,0,0,0,0,0,0,0,0,0,0,10,2,186.93968547000003,0.1,40,-0.36683
C(COCCOCCOCCOCC(F)(F)F)OCC(F)(F)F,[Li+].[N-](S(=O)(=O)F)S(=O)(=O)F,0,0,0,0,0,0,0,0,0,5,0,0,0,0,0,0,0,0,0,0,0,0,0,0,0,0,0,0,0,0,0,6,0,6,0,0,0,0,0,0,0,0,23,14,0.0,0.0,0.0,1,0,0,0,358.12149306,0.0,0.0,0.0,0,1,0,0,0,0,0,0,0,0,0,0,0,0,0,0,0,0,0,0,0,0,0,0,0,0,0,0,0,0,0,0,0,0,0,0,0,0,0,0,0,0,0,10,2,186.93968547000003,0.1,30,-0.45244
C(COCCOCCOCCOCC(F)(F)F)OCC(F)(F)F,[Li+].[N-](S(=O)(=O)F)S(=O)(=O)F,0,0,0,0,0,0,0,0,0,5,0,0,0,0,0,0,0,0,0,0,0,0,0,0,0,0,0,0,0,0,0,6,0,6,0,0,0,0,0,0,0,0,23,14,0.0,0.0,0.0,1,0,0,0,358.12149306,0.0,0.0,0.0,0,1,0,0,0,0,0,0,0,0,0,0,0,0,0,0,0,0,0,0,0,0,0,0,0,0,0,0,0,0,0,0,0,0,0,0,0,0,0,0,0,0,0,10,2,186.93968547000003,0.1,20,-0.56197
C(COCCOC)(COCCOC)(COCCOC)COCCOC,[Li+].[N-](S(=O)(=O)F)S(=O)(=O)F,0,0,0,0,0,0,0,0,0,8,0,0,0,0,0,0,0,0,0,0,0,0,0,0,0,0,0,0,0,0,0,0,0,0,0,0,0,0,0,0,0,0,25,20,0.0,0.0,0.0,1,0,0,0,368.24101811199995,0.0,0.0,0.0,0,1,0,0,0,0,0,0,0,0,0,0,0,0,0,0,0,0,0,0,0,0,0,0,0,0,0,0,0,0,0,0,0,0,0,0,0,0,0,0,0,0,0,10,2,186.93968547000003,1.0,80,0.30298
C(COCCOC)(COCCOC)(COCCOC)COCCOC,[Li+].[N-](S(=O)(=O)F)S(=O)(=O)F,0,0,0,0,0,0,0,0,0,8,0,0,0,0,0,0,0,0,0,0,0,0,0,0,0,0,0,0,0,0,0,0,0,0,0,0,0,0,0,0,0,0,25,20,0.0,0.0,0.0,1,0,0,0,368.24101811199995,0.0,0.0,0.0,0,1,0,0,0,0,0,0,0,0,0,0,0,0,0,0,0,0,0,0,0,0,0,0,0,0,0,0,0,0,0,0,0,0,0,0,0,0,0,0,0,0,0,10,2,186.93968547000003,1.0,70,0.25849
C(COCCOC)(COCCOC)(COCCOC)COCCOC,[Li+].[N-](S(=O)(=O)F)S(=O)(=O)F,0,0,0,0,0,0,0,0,0,8,0,0,0,0,0,0,0,0,0,0,0,0,0,0,0,0,0,0,0,0,0,0,0,0,0,0,0,0,0,0,0,0,25,20,0.0,0.0,0.0,1,0,0,0,368.24101811199995,0.0,0.0,0.0,0,1,0,0,0,0,0,0,0,0,0,0,0,0,0,0,0,0,0,0,0,0,0,0,0,0,0,0,0,0,0,0,0,0,0,0,0,0,0,0,0,0,0,10,2,186.93968547000003,1.0,60,0.20213
C(COCCOC)(COCCOC)(COCCOC)COCCOC,[Li+].[N-](S(=O)(=O)F)S(=O)(=O)F,0,0,0,0,0,0,0,0,0,8,0,0,0,0,0,0,0,0,0,0,0,0,0,0,0,0,0,0,0,0,0,0,0,0,0,0,0,0,0,0,0,0,25,20,0.0,0.0,0.0,1,0,0,0,368.24101811199995,0.0,0.0,0.0,0,1,0,0,0,0,0,0,0,0,0,0,0,0,0,0,0,0,0,0,0,0,0,0,0,0,0,0,0,0,0,0,0,0,0,0,0,0,0,0,0,0,0,10,2,186.93968547000003,1.0,50,0.13458
C(COCCOC)(COCCOC)(COCCOC)COCCOC,[Li+].[N-](S(=O)(=O)F)S(=O)(=O)F,0,0,0,0,0,0,0,0,0,8,0,0,0,0,0,0,0,0,0,0,0,0,0,0,0,0,0,0,0,0,0,0,0,0,0,0,0,0,0,0,0,0,25,20,0.0,0.0,0.0,1,0,0,0,368.24101811199995,0.0,0.0,0.0,0,1,0,0,0,0,0,0,0,0,0,0,0,0,0,0,0,0,0,0,0,0,0,0,0,0,0,0,0,0,0,0,0,0,0,0,0,0,0,0,0,0,0,10,2,186.93968547000003,1.0,40,0.05228
C(COCCOC)(COCCOC)(COCCOC)COCCOC,[Li+].[N-](S(=O)(=O)F)S(=O)(=O)F,0,0,0,0,0,0,0,0,0,8,0,0,0,0,0,0,0,0,0,0,0,0,0,0,0,0,0,0,0,0,0,0,0,0,0,0,0,0,0,0,0,0,25,20,0.0,0.0,0.0,1,0,0,0,368.24101811199995,0.0,0.0,0.0,0,1,0,0,0,0,0,0,0,0,0,0,0,0,0,0,0,0,0,0,0,0,0,0,0,0,0,0,0,0,0,0,0,0,0,0,0,0,0,0,0,0,0,10,2,186.93968547000003,1.0,30,-0.04842
C(COCCOC)(COCCOC)(COCCOC)COCCOC,[Li+].[N-](S(=O)(=O)F)S(=O)(=O)F,0,0,0,0,0,0,0,0,0,8,0,0,0,0,0,0,0,0,0,0,0,0,0,0,0,0,0,0,0,0,0,0,0,0,0,0,0,0,0,0,0,0,25,20,0.0,0.0,0.0,1,0,0,0,368.24101811199995,0.0,0.0,0.0,0,1,0,0,0,0,0,0,0,0,0,0,0,0,0,0,0,0,0,0,0,0,0,0,0,0,0,0,0,0,0,0,0,0,0,0,0,0,0,0,0,0,0,10,2,186.93968547000003,1.0,20,-0.17868
C(COCCOC)(COCCOC)(COCCOC)COCCOC,[Li+].[N-](S(=O)(=O)F)S(=O)(=O)F,0,0,0,0,0,0,0,0,0,8,0,0,0,0,0,0,0,0,0,0,0,0,0,0,0,0,0,0,0,0,0,0,0,0,0,0,0,0,0,0,0,0,25,20,0.0,0.0,0.0,1,0,0,0,368.24101811199995,0.0,0.0,0.0,0,1,0,0,0,0,0,0,0,0,0,0,0,0,0,0,0,0,0,0,0,0,0,0,0,0,0,0,0,0,0,0,0,0,0,0,0,0,0,0,0,0,0,10,2,186.93968547000003,1.0,10,-0.34097
C(COCCOC)(COCCOC)(COCCOC)COCCOC,[Li+].[N-](S(=O)(=O)F)S(=O)(=O)F,0,0,0,0,0,0,0,0,0,8,0,0,0,0,0,0,0,0,0,0,0,0,0,0,0,0,0,0,0,0,0,0,0,0,0,0,0,0,0,0,0,0,25,20,0.0,0.0,0.0,1,0,0,0,368.24101811199995,0.0,0.0,0.0,0,1,0,0,0,0,0,0,0,0,0,0,0,0,0,0,0,0,0,0,0,0,0,0,0,0,0,0,0,0,0,0,0,0,0,0,0,0,0,0,0,0,0,10,2,186.93968547000003,1.0,0,-0.55066
C(COCCOCCOC)(COCCOCCOC)(COCCOCCOC)COCCOCCOC,[Li+].[N-](S(=O)(=O)F)S(=O)(=O)F,0,0,0,0,0,0,0,0,0,12,0,0,0,0,0,0,0,0,0,0,0,0,0,0,0,0,0,0,0,0,0,0,0,0,0,0,0,0,0,0,0,0,37,32,0.0,0.0,0.0,1,0,0,0,544.3458771039999,0.0,0.0,0.0,0,1,0,0,0,0,0,0,0,0,0,0,0,0,0,0,0,0,0,0,0,0,0,0,0,0,0,0,0,0,0,0,0,0,0,0,0,0,0,0,0,0,0,10,2,186.93968547000003,1.0,80,0.36995
C(COCCOCCOC)(COCCOCCOC)(COCCOCCOC)COCCOCCOC,[Li+].[N-](S(=O)(=O)F)S(=O)(=O)F,0,0,0,0,0,0,0,0,0,12,0,0,0,0,0,0,0,0,0,0,0,0,0,0,0,0,0,0,0,0,0,0,0,0,0,0,0,0,0,0,0,0,37,32,0.0,0.0,0.0,1,0,0,0,544.3458771039999,0.0,0.0,0.0,0,1,0,0,0,0,0,0,0,0,0,0,0,0,0,0,0,0,0,0,0,0,0,0,0,0,0,0,0,0,0,0,0,0,0,0,0,0,0,0,0,0,0,10,2,186.93968547000003,1.0,70,0.30261
C(COCCOCCOC)(COCCOCCOC)(COCCOCCOC)COCCOCCOC,[Li+].[N-](S(=O)(=O)F)S(=O)(=O)F,0,0,0,0,0,0,0,0,0,12,0,0,0,0,0,0,0,0,0,0,0,0,0,0,0,0,0,0,0,0,0,0,0,0,0,0,0,0,0,0,0,0,37,32,0.0,0.0,0.0,1,0,0,0,544.3458771039999,0.0,0.0,0.0,0,1,0,0,0,0,0,0,0,0,0,0,0,0,0,0,0,0,0,0,0,0,0,0,0,0,0,0,0,0,0,0,0,0,0,0,0,0,0,0,0,0,0,10,2,186.93968547000003,1.0,60,0.22043
C(COCCOCCOC)(COCCOCCOC)(COCCOCCOC)COCCOCCOC,[Li+].[N-](S(=O)(=O)F)S(=O)(=O)F,0,0,0,0,0,0,0,0,0,12,0,0,0,0,0,0,0,0,0,0,0,0,0,0,0,0,0,0,0,0,0,0,0,0,0,0,0,0,0,0,0,0,37,32,0.0,0.0,0.0,1,0,0,0,544.3458771039999,0.0,0.0,0.0,0,1,0,0,0,0,0,0,0,0,0,0,0,0,0,0,0,0,0,0,0,0,0,0,0,0,0,0,0,0,0,0,0,0,0,0,0,0,0,0,0,0,0,10,2,186.93968547000003,1.0,50,0.1209
C(COCCOCCOC)(COCCOCCOC)(COCCOCCOC)COCCOCCOC,[Li+].[N-](S(=O)(=O)F)S(=O)(=O)F,0,0,0,0,0,0,0,0,0,12,0,0,0,0,0,0,0,0,0,0,0,0,0,0,0,0,0,0,0,0,0,0,0,0,0,0,0,0,0,0,0,0,37,32,0.0,0.0,0.0,1,0,0,0,544.3458771039999,0.0,0.0,0.0,0,1,0,0,0,0,0,0,0,0,0,0,0,0,0,0,0,0,0,0,0,0,0,0,0,0,0,0,0,0,0,0,0,0,0,0,0,0,0,0,0,0,0,10,2,186.93968547000003,1.0,40,-0.00074
C(COCCOCCOC)(COCCOCCOC)(COCCOCCOC)COCCOCCOC,[Li+].[N-](S(=O)(=O)F)S(=O)(=O)F,0,0,0,0,0,0,0,0,0,12,0,0,0,0,0,0,0,0,0,0,0,0,0,0,0,0,0,0,0,0,0,0,0,0,0,0,0,0,0,0,0,0,37,32,0.0,0.0,0.0,1,0,0,0,544.3458771039999,0.0,0.0,0.0,0,1,0,0,0,0,0,0,0,0,0,0,0,0,0,0,0,0,0,0,0,0,0,0,0,0,0,0,0,0,0,0,0,0,0,0,0,0,0,0,0,0,0,10,2,186.93968547000003,1.0,30,-0.14956
C(COCCOCCOC)(COCCOCCOC)(COCCOCCOC)COCCOCCOC,[Li+].[N-](S(=O)(=O)F)S(=O)(=O)F,0,0,0,0,0,0,0,0,0,12,0,0,0,0,0,0,0,0,0,0,0,0,0,0,0,0,0,0,0,0,0,0,0,0,0,0,0,0,0,0,0,0,37,32,0.0,0.0,0.0,1,0,0,0,544.3458771039999,0.0,0.0,0.0,0,1,0,0,0,0,0,0,0,0,0,0,0,0,0,0,0,0,0,0,0,0,0,0,0,0,0,0,0,0,0,0,0,0,0,0,0,0,0,0,0,0,0,10,2,186.93968547000003,1.0,20,-0.32766
C(COCCOCCOC)(COCCOCCOC)(COCCOCCOC)COCCOCCOC,[Li+].[N-](S(=O)(=O)F)S(=O)(=O)F,0,0,0,0,0,0,0,0,0,12,0,0,0,0,0,0,0,0,0,0,0,0,0,0,0,0,0,0,0,0,0,0,0,0,0,0,0,0,0,0,0,0,37,32,0.0,0.0,0.0,1,0,0,0,544.3458771039999,0.0,0.0,0.0,0,1,0,0,0,0,0,0,0,0,0,0,0,0,0,0,0,0,0,0,0,0,0,0,0,0,0,0,0,0,0,0,0,0,0,0,0,0,0,0,0,0,0,10,2,186.93968547000003,1.0,10,-0.54726
C(COCCOCCOC)(COCCOCCOC)(COCCOCCOC)COCCOCCOC,[Li+].[N-](S(=O)(=O)F)S(=O)(=O)F,0,0,0,0,0,0,0,0,0,12,0,0,0,0,0,0,0,0,0,0,0,0,0,0,0,0,0,0,0,0,0,0,0,0,0,0,0,0,0,0,0,0,37,32,0.0,0.0,0.0,1,0,0,0,544.3458771039999,0.0,0.0,0.0,0,1,0,0,0,0,0,0,0,0,0,0,0,0,0,0,0,0,0,0,0,0,0,0,0,0,0,0,0,0,0,0,0,0,0,0,0,0,0,0,0,0,0,10,2,186.93968547000003,1.0,0,-0.81692
B(OCCOC)(OCCOC)OCCOC,[Li+].[N-](S(=O)(=O)F)S(=O)(=O)F,0,0,0,1,0,0,0,0,0,3,0,0,0,0,0,0,0,0,0,0,0,0,0,0,0,0,0,0,0,0,0,0,0,0,0,0,0,0,0,0,0,0,16,12,0.0,0.0,0.0,1,0,0,0,236.143118792,0.0,0.0,0.0,0,1,0,0,0,0,0,0,0,0,0,0,0,0,0,0,0,0,0,0,0,0,0,0,0,0,0,0,0,0,0,0,0,0,0,0,0,0,0,0,0,0,0,10,2,186.93968547000003,1.0,80,0.2323
B(OCCOC)(OCCOC)OCCOC,[Li+].[N-](S(=O)(=O)F)S(=O)(=O)F,0,0,0,1,0,0,0,0,0,3,0,0,0,0,0,0,0,0,0,0,0,0,0,0,0,0,0,0,0,0,0,0,0,0,0,0,0,0,0,0,0,0,16,12,0.0,0.0,0.0,1,0,0,0,236.143118792,0.0,0.0,0.0,0,1,0,0,0,0,0,0,0,0,0,0,0,0,0,0,0,0,0,0,0,0,0,0,0,0,0,0,0,0,0,0,0,0,0,0,0,0,0,0,0,0,0,10,2,186.93968547000003,1.0,70,0.19762
B(OCCOC)(OCCOC)OCCOC,[Li+].[N-](S(=O)(=O)F)S(=O)(=O)F,0,0,0,1,0,0,0,0,0,3,0,0,0,0,0,0,0,0,0,0,0,0,0,0,0,0,0,0,0,0,0,0,0,0,0,0,0,0,0,0,0,0,16,12,0.0,0.0,0.0,1,0,0,0,236.143118792,0.0,0.0,0.0,0,1,0,0,0,0,0,0,0,0,0,0,0,0,0,0,0,0,0,0,0,0,0,0,0,0,0,0,0,0,0,0,0,0,0,0,0,0,0,0,0,0,0,10,2,186.93968547000003,1.0,60,0.15072
B(OCCOC)(OCCOC)OCCOC,[Li+].[N-](S(=O)(=O)F)S(=O)(=O)F,0,0,0,1,0,0,0,0,0,3,0,0,0,0,0,0,0,0,0,0,0,0,0,0,0,0,0,0,0,0,0,0,0,0,0,0,0,0,0,0,0,0,16,12,0.0,0.0,0.0,1,0,0,0,236.143118792,0.0,0.0,0.0,0,1,0,0,0,0,0,0,0,0,0,0,0,0,0,0,0,0,0,0,0,0,0,0,0,0,0,0,0,0,0,0,0,0,0,0,0,0,0,0,0,0,0,10,2,186.93968547000003,1.0,50,0.09684
B(OCCOC)(OCCOC)OCCOC,[Li+].[N-](S(=O)(=O)F)S(=O)(=O)F,0,0,0,1,0,0,0,0,0,3,0,0,0,0,0,0,0,0,0,0,0,0,0,0,0,0,0,0,0,0,0,0,0,0,0,0,0,0,0,0,0,0,16,12,0.0,0.0,0.0,1,0,0,0,236.143118792,0.0,0.0,0.0,0,1,0,0,0,0,0,0,0,0,0,0,0,0,0,0,0,0,0,0,0,0,0,0,0,0,0,0,0,0,0,0,0,0,0,0,0,0,0,0,0,0,0,10,2,186.93968547000003,1.0,40,0.03844
B(OCCOC)(OCCOC)OCCOC,[Li+].[N-](S(=O)(=O)F)S(=O)(=O)F,0,0,0,1,0,0,0,0,0,3,0,0,0,0,0,0,0,0,0,0,0,0,0,0,0,0,0,0,0,0,0,0,0,0,0,0,0,0,0,0,0,0,16,12,0.0,0.0,0.0,1,0,0,0,236.143118792,0.0,0.0,0.0,0,1,0,0,0,0,0,0,0,0,0,0,0,0,0,0,0,0,0,0,0,0,0,0,0,0,0,0,0,0,0,0,0,0,0,0,0,0,0,0,0,0,0,10,2,186.93968547000003,1.0,30,-0.03174
B(OCCOC)(OCCOC)OCCOC,[Li+].[N-](S(=O)(=O)F)S(=O)(=O)F,0,0,0,1,0,0,0,0,0,3,0,0,0,0,0,0,0,0,0,0,0,0,0,0,0,0,0,0,0,0,0,0,0,0,0,0,0,0,0,0,0,0,16,12,0.0,0.0,0.0,1,0,0,0,236.143118792,0.0,0.0,0.0,0,1,0,0,0,0,0,0,0,0,0,0,0,0,0,0,0,0,0,0,0,0,0,0,0,0,0,0,0,0,0,0,0,0,0,0,0,0,0,0,0,0,0,10,2,186.93968547000003,1.0,20,-0.12235
B(OCCOC)(OCCOC)OCCOC,[Li+].[N-](S(=O)(=O)F)S(=O)(=O)F,0,0,0,1,0,0,0,0,0,3,0,0,0,0,0,0,0,0,0,0,0,0,0,0,0,0,0,0,0,0,0,0,0,0,0,0,0,0,0,0,0,0,16,12,0.0,0.0,0.0,1,0,0,0,236.143118792,0.0,0.0,0.0,0,1,0,0,0,0,0,0,0,0,0,0,0,0,0,0,0,0,0,0,0,0,0,0,0,0,0,0,0,0,0,0,0,0,0,0,0,0,0,0,0,0,0,10,2,186.93968547000003,1.0,10,-0.24423
B(OCCOC)(OCCOC)OCCOC,[Li+].[N-](S(=O)(=O)F)S(=O)(=O)F,0,0,0,1,0,0,0,0,0,3,0,0,0,0,0,0,0,0,0,0,0,0,0,0,0,0,0,0,0,0,0,0,0,0,0,0,0,0,0,0,0,0,16,12,0.0,0.0,0.0,1,0,0,0,236.143118792,0.0,0.0,0.0,0,1,0,0,0,0,0,0,0,0,0,0,0,0,0,0,0,0,0,0,0,0,0,0,0,0,0,0,0,0,0,0,0,0,0,0,0,0,0,0,0,0,0,10,2,186.93968547000003,1.0,0,-0.40104
B(OCCOCC(F)(F)F)(OCCOCC(F)(F)F)OCCOCC(F)(F)F,[Li+].[N-](S(=O)(=O)F)S(=O)(=O)F,0,0,0,1,0,0,0,0,0,3,0,0,0,0,0,0,0,0,0,0,0,0,0,0,0,0,0,0,0,0,0,9,0,9,0,0,0,0,0,0,0,0,28,15,0.0,0.0,0.0,1,0,0,0,440.10527267599997,0.0,0.0,0.0,0,1,0,0,0,0,0,0,0,0,0,0,0,0,0,0,0,0,0,0,0,0,0,0,0,0,0,0,0,0,0,0,0,0,0,0,0,0,0,0,0,0,0,10,2,186.93968547000003,1.0,80,-0.35682
B(OCCOCC(F)(F)F)(OCCOCC(F)(F)F)OCCOCC(F)(F)F,[Li+].[N-](S(=O)(=O)F)S(=O)(=O)F,0,0,0,1,0,0,0,0,0,3,0,0,0,0,0,0,0,0,0,0,0,0,0,0,0,0,0,0,0,0,0,9,0,9,0,0,0,0,0,0,0,0,28,15,0.0,0.0,0.0,1,0,0,0,440.10527267599997,0.0,0.0,0.0,0,1,0,0,0,0,0,0,0,0,0,0,0,0,0,0,0,0,0,0,0,0,0,0,0,0,0,0,0,0,0,0,0,0,0,0,0,0,0,0,0,0,0,10,2,186.93968547000003,1.0,70,-0.42954
B(OCCOCC(F)(F)F)(OCCOCC(F)(F)F)OCCOCC(F)(F)F,[Li+].[N-](S(=O)(=O)F)S(=O)(=O)F,0,0,0,1,0,0,0,0,0,3,0,0,0,0,0,0,0,0,0,0,0,0,0,0,0,0,0,0,0,0,0,9,0,9,0,0,0,0,0,0,0,0,28,15,0.0,0.0,0.0,1,0,0,0,440.10527267599997,0.0,0.0,0.0,0,1,0,0,0,0,0,0,0,0,0,0,0,0,0,0,0,0,0,0,0,0,0,0,0,0,0,0,0,0,0,0,0,0,0,0,0,0,0,0,0,0,0,10,2,186.93968547000003,1.0,60,-0.52571
B(OCCOCC(F)(F)F)(OCCOCC(F)(F)F)OCCOCC(F)(F)F,[Li+].[N-](S(=O)(=O)F)S(=O)(=O)F,0,0,0,1,0,0,0,0,0,3,0,0,0,0,0,0,0,0,0,0,0,0,0,0,0,0,0,0,0,0,0,9,0,9,0,0,0,0,0,0,0,0,28,15,0.0,0.0,0.0,1,0,0,0,440.10527267599997,0.0,0.0,0.0,0,1,0,0,0,0,0,0,0,0,0,0,0,0,0,0,0,0,0,0,0,0,0,0,0,0,0,0,0,0,0,0,0,0,0,0,0,0,0,0,0,0,0,10,2,186.93968547000003,1.0,50,-0.63871
B(OCCOCC(F)(F)F)(OCCOCC(F)(F)F)OCCOCC(F)(F)F,[Li+].[N-](S(=O)(=O)F)S(=O)(=O)F,0,0,0,1,0,0,0,0,0,3,0,0,0,0,0,0,0,0,0,0,0,0,0,0,0,0,0,0,0,0,0,9,0,9,0,0,0,0,0,0,0,0,28,15,0.0,0.0,0.0,1,0,0,0,440.10527267599997,0.0,0.0,0.0,0,1,0,0,0,0,0,0,0,0,0,0,0,0,0,0,0,0,0,0,0,0,0,0,0,0,0,0,0,0,0,0,0,0,0,0,0,0,0,0,0,0,0,10,2,186.93968547000003,1.0,40,-0.77209
B(OCCOCC(F)(F)F)(OCCOCC(F)(F)F)OCCOCC(F)(F)F,[Li+].[N-](S(=O)(=O)F)S(=O)(=O)F,0,0,0,1,0,0,0,0,0,3,0,0,0,0,0,0,0,0,0,0,0,0,0,0,0,0,0,0,0,0,0,9,0,9,0,0,0,0,0,0,0,0,28,15,0.0,0.0,0.0,1,0,0,0,440.10527267599997,0.0,0.0,0.0,0,1,0,0,0,0,0,0,0,0,0,0,0,0,0,0,0,0,0,0,0,0,0,0,0,0,0,0,0,0,0,0,0,0,0,0,0,0,0,0,0,0,0,10,2,186.93968547000003,1.0,30,-0.9294
B(OCCOCC(F)(F)F)(OCCOCC(F)(F)F)OCCOCC(F)(F)F,[Li+].[N-](S(=O)(=O)F)S(=O)(=O)F,0,0,0,1,0,0,0,0,0,3,0,0,0,0,0,0,0,0,0,0,0,0,0,0,0,0,0,0,0,0,0,9,0,9,0,0,0,0,0,0,0,0,28,15,0.0,0.0,0.0,1,0,0,0,440.10527267599997,0.0,0.0,0.0,0,1,0,0,0,0,0,0,0,0,0,0,0,0,0,0,0,0,0,0,0,0,0,0,0,0,0,0,0,0,0,0,0,0,0,0,0,0,0,0,0,0,0,10,2,186.93968547000003,1.0,20,-1.11555
B(OCCOCC(F)(F)F)(OCCOCC(F)(F)F)OCCOCC(F)(F)F,[Li+].[N-](S(=O)(=O)F)S(=O)(=O)F,0,0,0,1,0,0,0,0,0,3,0,0,0,0,0,0,0,0,0,0,0,0,0,0,0,0,0,0,0,0,0,9,0,9,0,0,0,0,0,0,0,0,28,15,0.0,0.0,0.0,1,0,0,0,440.10527267599997,0.0,0.0,0.0,0,1,0,0,0,0,0,0,0,0,0,0,0,0,0,0,0,0,0,0,0,0,0,0,0,0,0,0,0,0,0,0,0,0,0,0,0,0,0,0,0,0,0,10,2,186.93968547000003,1.0,10,-1.33762
B(OCCOCC(F)(F)F)(OCCOCC(F)(F)F)OCCOCC(F)(F)F,[Li+].[N-](S(=O)(=O)F)S(=O)(=O)F,0,0,0,1,0,0,0,0,0,3,0,0,0,0,0,0,0,0,0,0,0,0,0,0,0,0,0,0,0,0,0,9,0,9,0,0,0,0,0,0,0,0,28,15,0.0,0.0,0.0,1,0,0,0,440.10527267599997,0.0,0.0,0.0,0,1,0,0,0,0,0,0,0,0,0,0,0,0,0,0,0,0,0,0,0,0,0,0,0,0,0,0,0,0,0,0,0,0,0,0,0,0,0,0,0,0,0,10,2,186.93968547000003,1.0,0,-1.60501
B(OCCF)(OCCF)OCCF,[Li+].[N-](S(=O)(=O)F)S(=O)(=O)F,0,0,0,1,0,0,0,0,0,0,0,0,0,0,0,0,0,0,0,0,0,0,0,0,0,0,0,0,0,0,0,3,0,3,0,0,0,0,0,0,0,0,13,9,0.0,0.0,0.0,1,0,0,0,200.083159304,0.0,0.0,0.0,0,1,0,0,0,0,0,0,0,0,0,0,0,0,0,0,0,0,0,0,0,0,0,0,0,0,0,0,0,0,0,0,0,0,0,0,0,0,0,0,0,0,0,10,2,186.93968547000003,0.8,80,0.10774
B(OCCF)(OCCF)OCCF,[Li+].[N-](S(=O)(=O)F)S(=O)(=O)F,0,0,0,1,0,0,0,0,0,0,0,0,0,0,0,0,0,0,0,0,0,0,0,0,0,0,0,0,0,0,0,3,0,3,0,0,0,0,0,0,0,0,13,9,0.0,0.0,0.0,1,0,0,0,200.083159304,0.0,0.0,0.0,0,1,0,0,0,0,0,0,0,0,0,0,0,0,0,0,0,0,0,0,0,0,0,0,0,0,0,0,0,0,0,0,0,0,0,0,0,0,0,0,0,0,0,10,2,186.93968547000003,0.8,70,0.0748
B(OCCF)(OCCF)OCCF,[Li+].[N-](S(=O)(=O)F)S(=O)(=O)F,0,0,0,1,0,0,0,0,0,0,0,0,0,0,0,0,0,0,0,0,0,0,0,0,0,0,0,0,0,0,0,3,0,3,0,0,0,0,0,0,0,0,13,9,0.0,0.0,0.0,1,0,0,0,200.083159304,0.0,0.0,0.0,0,1,0,0,0,0,0,0,0,0,0,0,0,0,0,0,0,0,0,0,0,0,0,0,0,0,0,0,0,0,0,0,0,0,0,0,0,0,0,0,0,0,0,10,2,186.93968547000003,0.8,60,0.0265
B(OCCF)(OCCF)OCCF,[Li+].[N-](S(=O)(=O)F)S(=O)(=O)F,0,0,0,1,0,0,0,0,0,0,0,0,0,0,0,0,0,0,0,0,0,0,0,0,0,0,0,0,0,0,0,3,0,3,0,0,0,0,0,0,0,0,13,9,0.0,0.0,0.0,1,0,0,0,200.083159304,0.0,0.0,0.0,0,1,0,0,0,0,0,0,0,0,0,0,0,0,0,0,0,0,0,0,0,0,0,0,0,0,0,0,0,0,0,0,0,0,0,0,0,0,0,0,0,0,0,10,2,186.93968547000003,0.8,50,-0.02962
B(OCCF)(OCCF)OCCF,[Li+].[N-](S(=O)(=O)F)S(=O)(=O)F,0,0,0,1,0,0,0,0,0,0,0,0,0,0,0,0,0,0,0,0,0,0,0,0,0,0,0,0,0,0,0,3,0,3,0,0,0,0,0,0,0,0,13,9,0.0,0.0,0.0,1,0,0,0,200.083159304,0.0,0.0,0.0,0,1,0,0,0,0,0,0,0,0,0,0,0,0,0,0,0,0,0,0,0,0,0,0,0,0,0,0,0,0,0,0,0,0,0,0,0,0,0,0,0,0,0,10,2,186.93968547000003,0.8,40,-0.09796
B(OCCF)(OCCF)OCCF,[Li+].[N-](S(=O)(=O)F)S(=O)(=O)F,0,0,0,1,0,0,0,0,0,0,0,0,0,0,0,0,0,0,0,0,0,0,0,0,0,0,0,0,0,0,0,3,0,3,0,0,0,0,0,0,0,0,13,9,0.0,0.0,0.0,1,0,0,0,200.083159304,0.0,0.0,0.0,0,1,0,0,0,0,0,0,0,0,0,0,0,0,0,0,0,0,0,0,0,0,0,0,0,0,0,0,0,0,0,0,0,0,0,0,0,0,0,0,0,0,0,10,2,186.93968547000003,0.8,30,-0.18677
B(OCCF)(OCCF)OCCF,[Li+].[N-](S(=O)(=O)F)S(=O)(=O)F,0,0,0,1,0,0,0,0,0,0,0,0,0,0,0,0,0,0,0,0,0,0,0,0,0,0,0,0,0,0,0,3,0,3,0,0,0,0,0,0,0,0,13,9,0.0,0.0,0.0,1,0,0,0,200.083159304,0.0,0.0,0.0,0,1,0,0,0,0,0,0,0,0,0,0,0,0,0,0,0,0,0,0,0,0,0,0,0,0,0,0,0,0,0,0,0,0,0,0,0,0,0,0,0,0,0,10,2,186.93968547000003,0.8,20,-0.2987
B(OCCF)(OCCF)OCCF,[Li+].[N-](S(=O)(=O)F)S(=O)(=O)F,0,0,0,1,0,0,0,0,0,0,0,0,0,0,0,0,0,0,0,0,0,0,0,0,0,0,0,0,0,0,0,3,0,3,0,0,0,0,0,0,0,0,13,9,0.0,0.0,0.0,1,0,0,0,200.083159304,0.0,0.0,0.0,0,1,0,0,0,0,0,0,0,0,0,0,0,0,0,0,0,0,0,0,0,0,0,0,0,0,0,0,0,0,0,0,0,0,0,0,0,0,0,0,0,0,0,10,2,186.93968547000003,0.8,10,-0.43392
B(OCCF)(OCCF)OCCF,[Li+].[N-](S(=O)(=O)F)S(=O)(=O)F,0,0,0,1,0,0,0,0,0,0,0,0,0,0,0,0,0,0,0,0,0,0,0,0,0,0,0,0,0,0,0,3,0,3,0,0,0,0,0,0,0,0,13,9,0.0,0.0,0.0,1,0,0,0,200.083159304,0.0,0.0,0.0,0,1,0,0,0,0,0,0,0,0,0,0,0,0,0,0,0,0,0,0,0,0,0,0,0,0,0,0,0,0,0,0,0,0,0,0,0,0,0,0,0,0,0,10,2,186.93968547000003,0.8,0,-0.60323
C(COCCOC)(C(F)(F)F)(F)F,[Li+].[N-](S(=O)(=O)F)S(=O)(=O)F,0,0,0,0,0,0,0,0,0,2,0,0,0,0,0,0,0,0,0,0,0,0,0,0,0,0,0,0,0,0,0,5,0,5,0,0,0,0,0,0,0,0,13,5,0.0,0.0,0.0,1,0,0,0,208.052270628,0.0,0.0,0.0,0,1,0,0,0,0,0,0,0,0,0,0,0,0,0,0,0,0,0,0,0,0,0,0,0,0,0,0,0,0,0,0,0,0,0,0,0,0,0,0,0,0,0,10,2,186.93968547000003,1.0,80,0.28312
C(COCCOC)(C(F)(F)F)(F)F,[Li+].[N-](S(=O)(=O)F)S(=O)(=O)F,0,0,0,0,0,0,0,0,0,2,0,0,0,0,0,0,0,0,0,0,0,0,0,0,0,0,0,0,0,0,0,5,0,5,0,0,0,0,0,0,0,0,13,5,0.0,0.0,0.0,1,0,0,0,208.052270628,0.0,0.0,0.0,0,1,0,0,0,0,0,0,0,0,0,0,0,0,0,0,0,0,0,0,0,0,0,0,0,0,0,0,0,0,0,0,0,0,0,0,0,0,0,0,0,0,0,10,2,186.93968547000003,1.0,70,0.25897
C(COCCOC)(C(F)(F)F)(F)F,[Li+].[N-](S(=O)(=O)F)S(=O)(=O)F,0,0,0,0,0,0,0,0,0,2,0,0,0,0,0,0,0,0,0,0,0,0,0,0,0,0,0,0,0,0,0,5,0,5,0,0,0,0,0,0,0,0,13,5,0.0,0.0,0.0,1,0,0,0,208.052270628,0.0,0.0,0.0,0,1,0,0,0,0,0,0,0,0,0,0,0,0,0,0,0,0,0,0,0,0,0,0,0,0,0,0,0,0,0,0,0,0,0,0,0,0,0,0,0,0,0,10,2,186.93968547000003,1.0,60,0.22854
C(COCCOC)(C(F)(F)F)(F)F,[Li+].[N-](S(=O)(=O)F)S(=O)(=O)F,0,0,0,0,0,0,0,0,0,2,0,0,0,0,0,0,0,0,0,0,0,0,0,0,0,0,0,0,0,0,0,5,0,5,0,0,0,0,0,0,0,0,13,5,0.0,0.0,0.0,1,0,0,0,208.052270628,0.0,0.0,0.0,0,1,0,0,0,0,0,0,0,0,0,0,0,0,0,0,0,0,0,0,0,0,0,0,0,0,0,0,0,0,0,0,0,0,0,0,0,0,0,0,0,0,0,10,2,186.93968547000003,1.0,50,0.18997
C(COCCOC)(C(F)(F)F)(F)F,[Li+].[N-](S(=O)(=O)F)S(=O)(=O)F,0,0,0,0,0,0,0,0,0,2,0,0,0,0,0,0,0,0,0,0,0,0,0,0,0,0,0,0,0,0,0,5,0,5,0,0,0,0,0,0,0,0,13,5,0.0,0.0,0.0,1,0,0,0,208.052270628,0.0,0.0,0.0,0,1,0,0,0,0,0,0,0,0,0,0,0,0,0,0,0,0,0,0,0,0,0,0,0,0,0,0,0,0,0,0,0,0,0,0,0,0,0,0,0,0,0,10,2,186.93968547000003,1.0,40,0.14302
C(COCCOC)(C(F)(F)F)(F)F,[Li+].[N-](S(=O)(=O)F)S(=O)(=O)F,0,0,0,0,0,0,0,0,0,2,0,0,0,0,0,0,0,0,0,0,0,0,0,0,0,0,0,0,0,0,0,5,0,5,0,0,0,0,0,0,0,0,13,5,0.0,0.0,0.0,1,0,0,0,208.052270628,0.0,0.0,0.0,0,1,0,0,0,0,0,0,0,0,0,0,0,0,0,0,0,0,0,0,0,0,0,0,0,0,0,0,0,0,0,0,0,0,0,0,0,0,0,0,0,0,0,10,2,186.93968547000003,1.0,30,0.0832
C(COCCOC)(C(F)(F)F)(F)F,[Li+].[N-](S(=O)(=O)F)S(=O)(=O)F,0,0,0,0,0,0,0,0,0,2,0,0,0,0,0,0,0,0,0,0,0,0,0,0,0,0,0,0,0,0,0,5,0,5,0,0,0,0,0,0,0,0,13,5,0.0,0.0,0.0,1,0,0,0,208.052270628,0.0,0.0,0.0,0,1,0,0,0,0,0,0,0,0,0,0,0,0,0,0,0,0,0,0,0,0,0,0,0,0,0,0,0,0,0,0,0,0,0,0,0,0,0,0,0,0,0,10,2,186.93968547000003,1.0,20,0.01275
C(COCCOC)(C(F)(F)F)(F)F,[Li+].[N-](S(=O)(=O)F)S(=O)(=O)F,0,0,0,0,0,0,0,0,0,2,0,0,0,0,0,0,0,0,0,0,0,0,0,0,0,0,0,0,0,0,0,5,0,5,0,0,0,0,0,0,0,0,13,5,0.0,0.0,0.0,1,0,0,0,208.052270628,0.0,0.0,0.0,0,1,0,0,0,0,0,0,0,0,0,0,0,0,0,0,0,0,0,0,0,0,0,0,0,0,0,0,0,0,0,0,0,0,0,0,0,0,0,0,0,0,0,10,2,186.93968547000003,1.0,10,-0.07306
C(COCCOC)(C(F)(F)F)(F)F,[Li+].[N-](S(=O)(=O)F)S(=O)(=O)F,0,0,0,0,0,0,0,0,0,2,0,0,0,0,0,0,0,0,0,0,0,0,0,0,0,0,0,0,0,0,0,5,0,5,0,0,0,0,0,0,0,0,13,5,0.0,0.0,0.0,1,0,0,0,208.052270628,0.0,0.0,0.0,0,1,0,0,0,0,0,0,0,0,0,0,0,0,0,0,0,0,0,0,0,0,0,0,0,0,0,0,0,0,0,0,0,0,0,0,0,0,0,0,0,0,0,10,2,186.93968547000003,1.0,0,-0.18417
C(COCCOC)(C(F)(F)C(F)(F)F)(F)F,[Li+].[N-](S(=O)(=O)F)S(=O)(=O)F,0,0,0,0,0,0,0,0,0,2,0,0,0,0,0,0,0,0,0,0,0,0,0,0,0,0,0,0,0,0,0,7,0,7,0,0,0,0,0,0,0,0,16,6,0.0,0.0,0.0,1,0,0,0,258.04907706800003,0.0,0.0,0.0,0,1,0,0,0,0,0,0,0,0,0,0,0,0,0,0,0,0,0,0,0,0,0,0,0,0,0,0,0,0,0,0,0,0,0,0,0,0,0,0,0,0,0,10,2,186.93968547000003,1.0,80,0.17017
C(COCCOC)(C(F)(F)C(F)(F)F)(F)F,[Li+].[N-](S(=O)(=O)F)S(=O)(=O)F,0,0,0,0,0,0,0,0,0,2,0,0,0,0,0,0,0,0,0,0,0,0,0,0,0,0,0,0,0,0,0,7,0,7,0,0,0,0,0,0,0,0,16,6,0.0,0.0,0.0,1,0,0,0,258.04907706800003,0.0,0.0,0.0,0,1,0,0,0,0,0,0,0,0,0,0,0,0,0,0,0,0,0,0,0,0,0,0,0,0,0,0,0,0,0,0,0,0,0,0,0,0,0,0,0,0,0,10,2,186.93968547000003,1.0,70,0.13653
C(COCCOC)(C(F)(F)C(F)(F)F)(F)F,[Li+].[N-](S(=O)(=O)F)S(=O)(=O)F,0,0,0,0,0,0,0,0,0,2,0,0,0,0,0,0,0,0,0,0,0,0,0,0,0,0,0,0,0,0,0,7,0,7,0,0,0,0,0,0,0,0,16,6,0.0,0.0,0.0,1,0,0,0,258.04907706800003,0.0,0.0,0.0,0,1,0,0,0,0,0,0,0,0,0,0,0,0,0,0,0,0,0,0,0,0,0,0,0,0,0,0,0,0,0,0,0,0,0,0,0,0,0,0,0,0,0,10,2,186.93968547000003,1.0,60,0.0949
C(COCCOC)(C(F)(F)C(F)(F)F)(F)F,[Li+].[N-](S(=O)(=O)F)S(=O)(=O)F,0,0,0,0,0,0,0,0,0,2,0,0,0,0,0,0,0,0,0,0,0,0,0,0,0,0,0,0,0,0,0,7,0,7,0,0,0,0,0,0,0,0,16,6,0.0,0.0,0.0,1,0,0,0,258.04907706800003,0.0,0.0,0.0,0,1,0,0,0,0,0,0,0,0,0,0,0,0,0,0,0,0,0,0,0,0,0,0,0,0,0,0,0,0,0,0,0,0,0,0,0,0,0,0,0,0,0,10,2,186.93968547000003,1.0,50,0.04405
C(COCCOC)(C(F)(F)C(F)(F)F)(F)F,[Li+].[N-](S(=O)(=O)F)S(=O)(=O)F,0,0,0,0,0,0,0,0,0,2,0,0,0,0,0,0,0,0,0,0,0,0,0,0,0,0,0,0,0,0,0,7,0,7,0,0,0,0,0,0,0,0,16,6,0.0,0.0,0.0,1,0,0,0,258.04907706800003,0.0,0.0,0.0,0,1,0,0,0,0,0,0,0,0,0,0,0,0,0,0,0,0,0,0,0,0,0,0,0,0,0,0,0,0,0,0,0,0,0,0,0,0,0,0,0,0,0,10,2,186.93968547000003,1.0,40,-0.01586
C(COCCOC)(C(F)(F)C(F)(F)F)(F)F,[Li+].[N-](S(=O)(=O)F)S(=O)(=O)F,0,0,0,0,0,0,0,0,0,2,0,0,0,0,0,0,0,0,0,0,0,0,0,0,0,0,0,0,0,0,0,7,0,7,0,0,0,0,0,0,0,0,16,6,0.0,0.0,0.0,1,0,0,0,258.04907706800003,0.0,0.0,0.0,0,1,0,0,0,0,0,0,0,0,0,0,0,0,0,0,0,0,0,0,0,0,0,0,0,0,0,0,0,0,0,0,0,0,0,0,0,0,0,0,0,0,0,10,2,186.93968547000003,1.0,30,-0.08905
C(COCCOC)(C(F)(F)C(F)(F)F)(F)F,[Li+].[N-](S(=O)(=O)F)S(=O)(=O)F,0,0,0,0,0,0,0,0,0,2,0,0,0,0,0,0,0,0,0,0,0,0,0,0,0,0,0,0,0,0,0,7,0,7,0,0,0,0,0,0,0,0,16,6,0.0,0.0,0.0,1,0,0,0,258.04907706800003,0.0,0.0,0.0,0,1,0,0,0,0,0,0,0,0,0,0,0,0,0,0,0,0,0,0,0,0,0,0,0,0,0,0,0,0,0,0,0,0,0,0,0,0,0,0,0,0,0,10,2,186.93968547000003,1.0,20,-0.182
C(COCCOC)(C(F)(F)C(F)(F)F)(F)F,[Li+].[N-](S(=O)(=O)F)S(=O)(=O)F,0,0,0,0,0,0,0,0,0,2,0,0,0,0,0,0,0,0,0,0,0,0,0,0,0,0,0,0,0,0,0,7,0,7,0,0,0,0,0,0,0,0,16,6,0.0,0.0,0.0,1,0,0,0,258.04907706800003,0.0,0.0,0.0,0,1,0,0,0,0,0,0,0,0,0,0,0,0,0,0,0,0,0,0,0,0,0,0,0,0,0,0,0,0,0,0,0,0,0,0,0,0,0,0,0,0,0,10,2,186.93968547000003,1.0,10,-0.29413
C(COCCOC)(C(F)(F)C(F)(F)F)(F)F,[Li+].[N-](S(=O)(=O)F)S(=O)(=O)F,0,0,0,0,0,0,0,0,0,2,0,0,0,0,0,0,0,0,0,0,0,0,0,0,0,0,0,0,0,0,0,7,0,7,0,0,0,0,0,0,0,0,16,6,0.0,0.0,0.0,1,0,0,0,258.04907706800003,0.0,0.0,0.0,0,1,0,0,0,0,0,0,0,0,0,0,0,0,0,0,0,0,0,0,0,0,0,0,0,0,0,0,0,0,0,0,0,0,0,0,0,0,0,0,0,0,0,10,2,186.93968547000003,1.0,0,-0.43345
C1(OCC(O1)C([F])([F])[F])OCC,[Li+].[N-](S(=O)(=O)F)S(=O)(=O)F,0,0,0,0,0,0,0,0,0,0,0,0,0,0,0,0,0,0,0,0,0,0,0,0,0,0,0,0,0,0,0,3,0,3,0,0,0,0,0,0,0,0,12,2,0.0,0.0,0.0,1,0,0,0,186.050378808,0.0,0.0,0.0,0,1,0,0,0,0,0,0,0,0,0,0,0,0,0,0,0,0,0,0,0,0,0,0,0,0,0,0,0,0,0,0,0,0,0,0,0,0,0,0,0,0,0,10,2,186.93968547000003,1.0,25,-0.15490196
CCOC(OCC)OCC,[Li+].[N-](S(=O)(=O)F)S(=O)(=O)F,0,0,0,0,0,0,0,0,0,0,0,0,0,0,0,0,0,0,0,0,0,0,0,0,0,0,0,0,0,0,0,0,0,0,0,0,0,0,0,0,0,0,10,6,0.0,0.0,0.0,1,0,0,0,148.109944372,0.0,0.0,0.0,0,1,0,0,0,0,0,0,0,0,0,0,0,0,0,0,0,0,0,0,0,0,0,0,0,0,0,0,0,0,0,0,0,0,0,0,0,0,0,0,0,0,0,10,2,186.93968547000003,1.0,25,0.740362689
C1C(OCO1)C(F)(F)F,[Li+].[N-](S(=O)(=O)F)S(=O)(=O)F,0,0,0,0,0,0,0,0,0,0,0,0,0,0,0,0,0,0,0,0,0,0,0,0,0,0,0,0,0,0,1,3,0,3,0,0,0,0,0,0,0,0,9,0,0.0,0.0,0.0,2,0,0,0,142.02416406,0.0,0.0,0.0,0,1,0,0,0,0,0,0,0,0,0,0,0,0,0,0,0,0,0,0,0,0,0,0,0,0,0,0,0,0,0,0,0,0,0,0,0,0,0,0,0,0,0,10,2,186.93968547000003,2.0,25,0.568201724
C(CF)OCCF,[Li+].[N-](S(=O)(=O)F)S(=O)(=O)F,0,0,0,0,0,0,0,0,0,1,0,0,0,0,0,0,0,0,0,0,0,0,0,0,0,0,0,0,0,0,0,2,0,2,0,0,0,0,0,0,0,0,7,4,0.0,0.0,0.0,1,0,0,0,110.054321316,0.0,0.0,0.0,0,1,0,0,0,0,0,0,0,0,0,0,0,0,0,0,0,0,0,0,0,0,0,0,0,0,0,0,0,0,0,0,0,0,0,0,0,0,0,0,0,0,0,10,2,186.93968547000003,1.0,30,0.86923172
C(CF)OCC(F)F,[Li+].[N-](S(=O)(=O)F)S(=O)(=O)F,0,0,0,0,0,0,0,0,0,1,0,0,0,0,0,0,0,0,0,0,0,0,0,0,0,0,0,0,0,0,0,3,0,3,0,0,0,0,0,0,0,0,8,4,0.0,0.0,0.0,1,0,0,0,128.044899504,0.0,0.0,0.0,0,1,0,0,0,0,0,0,0,0,0,0,0,0,0,0,0,0,0,0,0,0,0,0,0,0,0,0,0,0,0,0,0,0,0,0,0,0,0,0,0,0,0,10,2,186.93968547000003,1.0,30,0.447158031
C(CF)OCC(F)(F)F,[Li+].[N-](S(=O)(=O)F)S(=O)(=O)F,0,0,0,0,0,0,0,0,0,1,0,0,0,0,0,0,0,0,0,0,0,0,0,0,0,0,0,0,0,0,0,4,0,4,0,0,0,0,0,0,0,0,9,3,0.0,0.0,0.0,1,0,0,0,146.035477692,0.0,0.0,0.0,0,1,0,0,0,0,0,0,0,0,0,0,0,0,0,0,0,0,0,0,0,0,0,0,0,0,0,0,0,0,0,0,0,0,0,0,0,0,0,0,0,0,0,10,2,186.93968547000003,0.2,30,0.079181246
CC(COC)OC,[Li+].[N-](S(=O)(=O)F)S(=O)(=O)F,0,0,0,0,0,0,0,0,0,2,0,0,0,0,0,0,0,0,0,0,0,0,0,0,0,0,0,0,0,0,0,0,0,0,0,0,0,0,0,0,0,0,7,3,0.0,0.0,0.0,1,0,0,0,104.083729624,0.0,0.0,0.0,0,1,0,0,0,0,0,0,0,0,0,0,0,0,0,0,0,0,0,0,0,0,0,0,0,0,0,0,0,0,0,0,0,0,0,0,0,0,0,0,0,0,0,10,2,186.93968547000003,2.0,25,1.146128036
COCC(C(F)(F)F)OC,[Li+].[N-](S(=O)(=O)F)S(=O)(=O)F,0,0,0,0,0,0,0,0,0,2,0,0,0,0,0,0,0,0,0,0,0,0,0,0,0,0,0,0,0,0,0,3,0,3,0,0,0,0,0,0,0,0,10,3,0.0,0.0,0.0,1,0,0,0,158.055464188,0.0,0.0,0.0,0,1,0,0,0,0,0,0,0,0,0,0,0,0,0,0,0,0,0,0,0,0,0,0,0,0,0,0,0,0,0,0,0,0,0,0,0,0,0,0,0,0,0,10,2,186.93968547000003,2.0,25,0.86923172
CS(=O)(=O)OCC(F)(F)F,[Li+].[N-](S(=O)(=O)F)S(=O)(=O)F,0,0,0,0,0,0,0,0,0,0,0,0,0,0,0,0,0,0,0,0,0,0,0,0,0,0,0,0,0,0,0,3,0,3,0,0,0,0,0,0,0,0,10,2,0.0,0.0,0.0,1,0,0,0,177.99114968,0.0,0.0,0.0,0,1,0,0,0,0,0,0,0,0,0,0,0,0,0,0,0,0,0,0,0,0,0,0,0,0,0,0,0,0,0,0,0,0,0,0,0,0,0,0,0,0,0,10,2,186.93968547000003,2.0,25,0.575187845
CCOS(=O)(=O)C,[Li+].[N-](S(=O)(=O)F)S(=O)(=O)F,0,0,0,0,0,0,0,0,0,0,0,0,0,0,0,0,0,0,0,0,0,0,0,0,0,0,0,0,0,0,0,0,0,0,0,0,0,0,0,0,0,0,7,2,0.0,0.0,0.0,1,0,0,0,124.019415116,0.0,0.0,0.0,0,1,0,0,0,0,0,0,0,0,0,0,0,0,0,0,0,0,0,0,0,0,0,0,0,0,0,0,0,0,0,0,0,0,0,0,0,0,0,0,0,0,0,10,2,186.93968547000003,2.0,25,1.01494035
CS(=O)(=O)OCC(F)(F)F,[Li+].[N-](S(=O)(=O)F)S(=O)(=O)F,0,0,0,0,0,0,0,0,0,0,0,0,0,0,0,0,0,0,0,0,0,0,0,0,0,0,0,0,0,0,0,3,0,3,0,0,0,0,0,0,0,0,10,2,0.0,0.0,0.0,1,0,0,0,177.99114968,0.0,0.0,0.0,0,1,0,0,0,0,0,0,0,0,0,0,0,0,0,0,0,0,0,0,0,0,0,0,0,0,0,0,0,0,0,0,0,0,0,0,0,0,0,0,0,0,0,10,2,186.93968547000003,1.8,25,0.537819095
CS(=O)(=O)OCC(F)(F)F,[Li+].[N-](S(=O)(=O)F)S(=O)(=O)F,0,0,0,0,0,0,0,0,0,0,0,0,0,0,0,0,0,0,0,0,0,0,0,0,0,0,0,0,0,0,0,3,0,3,0,0,0,0,0,0,0,0,10,2,0.0,0.0,0.0,1,0,0,0,177.99114968,0.0,0.0,0.0,0,1,0,0,0,0,0,0,0,0,0,0,0,0,0,0,0,0,0,0,0,0,0,0,0,0,0,0,0,0,0,0,0,0,0,0,0,0,0,0,0,0,0,10,2,186.93968547000003,1.5,25,0.536558442
CS(=O)(=O)OCC(F)(F)F,[Li+].[N-](S(=O)(=O)F)S(=O)(=O)F,0,0,0,0,0,0,0,0,0,0,0,0,0,0,0,0,0,0,0,0,0,0,0,0,0,0,0,0,0,0,0,3,0,3,0,0,0,0,0,0,0,0,10,2,0.0,0.0,0.0,1,0,0,0,177.99114968,0.0,0.0,0.0,0,1,0,0,0,0,0,0,0,0,0,0,0,0,0,0,0,0,0,0,0,0,0,0,0,0,0,0,0,0,0,0,0,0,0,0,0,0,0,0,0,0,0,10,2,186.93968547000003,1.2,25,0.503790683
CS(=O)(=O)OCC(F)(F)F,[Li+].[N-](S(=O)(=O)F)S(=O)(=O)F,0,0,0,0,0,0,0,0,0,0,0,0,0,0,0,0,0,0,0,0,0,0,0,0,0,0,0,0,0,0,0,3,0,3,0,0,0,0,0,0,0,0,10,2,0.0,0.0,0.0,1,0,0,0,177.99114968,0.0,0.0,0.0,0,1,0,0,0,0,0,0,0,0,0,0,0,0,0,0,0,0,0,0,0,0,0,0,0,0,0,0,0,0,0,0,0,0,0,0,0,0,0,0,0,0,0,10,2,186.93968547000003,1.0,25,0.474216264
CO[Si](C)(CCC(F)(F)F)OC,[Li+].[N-](S(=O)(=O)F)S(=O)(=O)F,0,0,0,0,0,0,0,0,0,0,0,0,0,0,0,0,0,0,0,0,0,0,0,0,0,0,0,0,1,0,0,3,0,3,0,0,0,0,0,0,0,0,12,4,0.0,0.0,0.0,1,0,0,0,202.063690846,0.0,0.0,0.0,0,1,0,0,0,0,0,0,0,0,0,0,0,0,0,0,0,0,0,0,0,0,0,0,0,0,0,0,0,0,0,0,0,0,0,0,0,0,0,0,0,0,0,10,2,186.93968547000003,1.0,25,-0.585026652
CO[Si](C)(CCC(F)(F)F)OC,[Li+].[N-](S(=O)(=O)F)S(=O)(=O)F,0,0,0,0,0,0,0,0,0,0,0,0,0,0,0,0,0,0,0,0,0,0,0,0,0,0,0,0,1,0,0,3,0,3,0,0,0,0,0,0,0,0,12,4,0.0,0.0,0.0,1,0,0,0,202.063690846,0.0,0.0,0.0,0,1,0,0,0,0,0,0,0,0,0,0,0,0,0,0,0,0,0,0,0,0,0,0,0,0,0,0,0,0,0,0,0,0,0,0,0,0,0,0,0,0,0,10,2,186.93968547000003,3.0,25,-0.356547323
CCCOCCC,[Li+].[N-](S(=O)(=O)F)S(=O)(=O)F,0,0,0,0,0,0,0,0,0,1,0,0,0,0,0,0,0,0,0,0,0,0,0,0,0,0,0,0,0,0,0,0,0,0,0,0,0,0,0,0,0,0,7,4,0.0,0.0,0.0,1,0,0,0,102.104465068,0.0,0.0,0.0,0,1,0,0,0,0,0,0,0,0,0,0,0,0,0,0,0,0,0,0,0,0,0,0,0,0,0,0,0,0,0,0,0,0,0,0,0,0,0,0,0,0,0,10,2,186.93968547000003,1.8,25,-0.22184875
